model,layer,d_model,norm_w0,norm_w1,norm_diff,norm_w1_over_init,norm_sum,init_over_w1,cos_w1_diff,cos_w0_w1,frac_w1_along_diff,bias_diff
deepseek_qwen,0,5120,0.7554638981819153,0.7647777199745178,1.2823079824447632,1.3246338674925484,0.8166439533233643,0.5339093804359436,0.8455725908279419,-0.42292797565460205,0.7149930596351624,-0.6219939589500427
deepseek_qwen,1,5120,1.5655628442764282,1.5627754926681519,3.0198676586151123,2.706806554124723,0.8166438341140747,0.26127997040748596,0.9652634263038635,-0.8637101650238037,0.9317337274551392,-0.00022302241995930672
deepseek_qwen,2,5120,1.6411819458007812,1.6440962553024292,3.182161569595337,2.8476582467175398,0.8166437745094299,0.248356431722641,0.9686692953109741,-0.876420795917511,0.9383203983306885,-0.005732519552111626
deepseek_qwen,3,5120,1.6474473476409912,1.644976019859314,3.18953800201416,2.8491820436287623,0.8166438341140747,0.24822363257408142,0.9687029719352722,-0.8769561052322388,0.9383856058120728,-0.0070163654163479805
deepseek_qwen,4,5120,1.674344778060913,1.6751915216445923,3.248459577560425,2.9015168278970527,0.8166437745094299,0.24374638497829437,0.9698390364646912,-0.8811154961585999,0.9405877590179443,-0.00981838908046484
deepseek_qwen,5,5120,1.6288230419158936,1.6290360689163208,3.1538455486297607,2.821573238725343,0.8166436553001404,0.25065240263938904,0.9680773019790649,-0.874330461025238,0.9371734857559204,-0.010457022115588188
deepseek_qwen,6,5120,1.6658148765563965,1.6732423305511475,3.237661361694336,2.8981407298895454,0.8166435956954956,0.24403028190135956,0.9697705507278442,-0.8803774118423462,0.9404547810554504,-0.01182347722351551
deepseek_qwen,7,5120,1.6588685512542725,1.66218900680542,3.219088315963745,2.8789958115694376,0.8166436553001404,0.24565306305885315,0.969358503818512,-0.8790698051452637,0.9396560788154602,-0.011297587305307388
deepseek_qwen,8,5120,1.6701101064682007,1.6663405895233154,3.23496675491333,2.886186563768658,0.8166437745094299,0.24504107236862183,0.9695134162902832,-0.880183219909668,0.9399561285972595,-0.010977446101605892
deepseek_qwen,9,5120,1.6927202939987183,1.6910395622253418,3.28373646736145,2.9289664393833243,0.8166435956954956,0.24146200716495514,0.9704104661941528,-0.8835084438323975,0.9416966438293457,-0.010022365488111973
deepseek_qwen,10,5120,1.7786198854446411,1.7718452215194702,3.45527720451355,3.0689259468198546,0.8166437149047852,0.23045006394386292,0.9730861783027649,-0.8941973447799683,0.9468966126441956,-0.009319188073277473
deepseek_qwen,11,5120,2.4065136909484863,2.4039111137390137,4.740600109100342,4.163696185875458,0.8166436553001404,0.16985729336738586,0.9854688048362732,-0.9423600435256958,0.9711486101150513,-0.010417139157652855
deepseek_qwen,12,5120,2.453704595565796,2.4534852504730225,4.838760852813721,4.249561109440128,0.8166437149047852,0.16642522811889648,0.9860539436340332,-0.9446101784706116,0.9723024368286133,-0.010349307209253311
deepseek_qwen,13,5120,2.1699092388153076,2.1647603511810303,4.257050037384033,3.74947491445619,0.8166436553001404,0.18862219154834747,0.9820505380630493,-0.9290149211883545,0.9644232988357544,-0.011108363047242165
deepseek_qwen,14,5120,2.0050535202026367,1.9970635175704956,3.917919635772705,3.4590154783743197,0.8166435956954956,0.20446109771728516,0.9788768291473389,-0.9167323708534241,0.9581999182701111,-0.012282212264835835
deepseek_qwen,15,5120,1.8002707958221436,1.798111081123352,3.504490375518799,3.114419750158249,0.8166436553001404,0.22708375751972198,0.9738753437995911,-0.8969905376434326,0.9484333992004395,-0.011018741875886917
deepseek_qwen,16,5120,1.637303113937378,1.6355160474777222,3.169296979904175,2.832796890825647,0.8166436553001404,0.24965931475162506,0.968333899974823,-0.8754772543907166,0.9376703500747681,-0.011435427702963352
deepseek_qwen,17,5120,1.4227027893066406,1.4268691539764404,2.7300496101379395,2.4714098704400147,0.8166436553001404,0.2861662805080414,0.9581809639930725,-0.8357422351837158,0.9181108474731445,-0.012344886548817158
deepseek_qwen,18,5120,1.3267616033554077,1.3346083164215088,2.5329911708831787,2.311609412246014,0.8166436553001404,0.30594882369041443,0.9520530700683594,-0.8117008209228516,0.9064049124717712,-0.012335670180618763
deepseek_qwen,19,5120,1.2987804412841797,1.3088105916976929,2.476433515548706,2.266926442304689,0.8166437149047852,0.3119793236255646,0.9500975012779236,-0.8038640022277832,0.9026855230331421,-0.01235655602067709
deepseek_qwen,20,5120,1.2719690799713135,1.281213641166687,2.419074535369873,2.219127121851022,0.8166437149047852,0.31869927048683167,0.9478634595870972,-0.7954113483428955,0.8984450697898865,-0.012166265398263931
deepseek_qwen,21,5120,1.2297624349594116,1.2382835149765015,2.3290374279022217,2.1447699621142773,0.8166436553001404,0.3297482430934906,0.9440759420394897,-0.7810489535331726,0.8912792801856995,-0.011139760725200176
deepseek_qwen,22,5120,1.1977903842926025,1.2032471895217896,2.2578985691070557,2.0840852663161975,0.8166437745094299,0.3393499553203583,0.9406633973121643,-0.7686445116996765,0.8848475813865662,-0.010929160751402378
deepseek_qwen,23,5120,1.1894662380218506,1.195455551147461,2.2407543659210205,2.070589752777657,0.8166436553001404,0.3415617048740387,0.9398632645606995,-0.7655089497566223,0.8833428621292114,-0.010840684175491333
deepseek_qwen,24,5120,1.2205469608306885,1.2297375202178955,2.3102104663848877,2.1299678649911544,0.8166438341140747,0.33203989267349243,0.9432737827301025,-0.7778670191764832,0.889765739440918,-0.01174850482493639
deepseek_qwen,25,5120,1.2348064184188843,1.2429215908050537,2.3392934799194336,2.152803345098687,0.8166437745094299,0.3285178244113922,0.9445042014122009,-0.7827550768852234,0.8920882940292358,-0.011386079713702202
deepseek_qwen,26,5120,1.2313849925994873,1.2389185428619385,2.3314261436462402,2.1458698626760775,0.8166437149047852,0.32957926392555237,0.944133460521698,-0.7814444899559021,0.8913879990577698,-0.010962110944092274
deepseek_qwen,27,5120,1.261790156364441,1.2679458856582642,2.3943047523498535,2.1961466952080317,0.8166438341140747,0.32203418016433716,0.9467315077781677,-0.7915879487991333,0.8963004946708679,-0.011080660857260227
deepseek_qwen,28,5120,1.2644556760787964,1.271448016166687,2.400822639465332,2.202212563183357,0.8166437745094299,0.3211471438407898,0.9470338821411133,-0.792603611946106,0.8968731164932251,-0.011278201825916767
deepseek_qwen,29,5120,1.234259843826294,1.2472808361053467,2.343353748321533,2.1603537794414502,0.8166437149047852,0.3273696303367615,0.9449125528335571,-0.783452033996582,0.8928598165512085,-0.011170245707035065
deepseek_qwen,30,5120,1.217911958694458,1.2329033613204956,2.3108034133911133,2.1354512626295477,0.8166437745094299,0.33118724822998047,0.9435871839523315,-0.77800452709198,0.8903567790985107,-0.010961764492094517
deepseek_qwen,31,5120,1.3106745481491089,1.3196427822113037,2.5003483295440674,2.2856883466315288,0.8166436553001404,0.3094184398651123,0.9509327411651611,-0.8072333931922913,0.9042729139328003,-0.011259791441261768
deepseek_qwen,32,5120,1.4172946214675903,1.4235951900482178,2.7209906578063965,2.465739198574185,0.8166437745094299,0.28682443499565125,0.9579858779907227,-0.8347418904304504,0.9177370667457581,-0.011270915158092976
deepseek_qwen,33,5120,1.5290356874465942,1.5316176414489746,2.9496946334838867,2.652839572758436,0.8166437745094299,0.26659518480300903,0.9638088941574097,-0.8576153516769409,0.9289277791976929,-0.011861222796142101
deepseek_qwen,34,5120,1.6198863983154297,1.6177740097045898,3.132976531982422,2.8020667799727756,0.8166437745094299,0.252397358417511,0.9676240086555481,-0.8727583289146423,0.936296284198761,-0.011744317598640919
deepseek_qwen,35,5120,1.6130989789962769,1.6091285943984985,3.117027521133423,2.787092481410092,0.8166437745094299,0.2537534236907959,0.9672700762748718,-0.8715386986732483,0.935611367225647,-0.01209524367004633
deepseek_qwen,36,5120,1.7171745300292969,1.7180670499801636,3.336761474609375,2.9757794213756212,0.8166438937187195,0.23766356706619263,0.9713476300239563,-0.8869735598564148,0.9435162544250488,-0.012582654133439064
deepseek_qwen,37,5120,1.7580124139785767,1.7598650455474854,3.4217770099639893,3.048175673352761,0.8166438937187195,0.23201890289783478,0.9727113842964172,-0.8922214508056641,0.9461672306060791,-0.012387209571897984
deepseek_qwen,38,5120,1.8949315547943115,1.8961825370788574,3.702113628387451,3.284284494645438,0.8166436553001404,0.21533888578414917,0.9765392541885376,-0.9071973562240601,0.9536291360855103,-0.012133694253861904
deepseek_qwen,39,5120,1.9445788860321045,1.9460914134979248,3.803999185562134,3.370729204351939,0.8166438937187195,0.20981642603874207,0.9777409434318542,-0.9118859171867371,0.9559774994850159,-0.012047883123159409
deepseek_qwen,40,5120,2.2509684562683105,2.249427556991577,4.4256815910339355,3.896122816654948,0.8166438937187195,0.18152260780334473,0.983386754989624,-0.9341443777084351,0.9670494198799133,-0.01217537559568882
deepseek_qwen,41,5120,2.384246349334717,2.3853514194488525,4.699166297912598,4.131549852391953,0.8166439533233643,0.17117896676063538,0.9852399826049805,-0.9413686394691467,0.9706980586051941,-0.011183405295014381
deepseek_qwen,42,5120,2.506096124649048,2.508254051208496,4.947403907775879,4.344423454983584,0.8166438937187195,0.16279129683971405,0.9866606593132019,-0.946952760219574,0.9734990000724792,-0.010183542966842651
deepseek_qwen,43,5120,2.813380241394043,2.8136484622955322,5.567454814910889,4.873382091333907,0.8166437745094299,0.14512185752391815,0.9894137978553772,-0.9578754901885986,0.9789395928382874,-0.011570904403924942
deepseek_qwen,44,5120,2.984920024871826,2.982658624649048,5.911437511444092,5.16611627952566,0.8166437745094299,0.13689863681793213,0.990585207939148,-0.9625462889671326,0.9812591671943665,-0.011539315804839134
deepseek_qwen,45,5120,3.475551128387451,3.480433225631714,6.907882213592529,6.028287179144963,0.8166438341140747,0.11731927841901779,0.9930945038795471,-0.9724346399307251,0.9862363338470459,-0.012069779448211193
deepseek_qwen,46,5120,3.764638662338257,3.768813371658325,7.489058971405029,6.527776243957186,0.8166438341140747,0.10834230482578278,0.9941139221191406,-0.9764984250068665,0.988262414932251,-0.01117703877389431
deepseek_qwen,47,5120,3.823864221572876,3.8296713829040527,7.609844207763672,6.633185411482384,0.8166437745094299,0.10662060976028442,0.994300127029419,-0.9772306680679321,0.9886326193809509,-0.01064410898834467
deepseek_qwen,48,5120,4.011866569519043,4.017118453979492,7.98734712600708,6.9578532623150195,0.8166438937187195,0.10164548456668854,0.9948208332061768,-0.9793100357055664,0.9896683096885681,-0.011838256381452084
deepseek_qwen,49,5120,4.006433010101318,4.005134582519531,7.969837665557861,6.937096588074993,0.8166437745094299,0.10194960236549377,0.9947894811630249,-0.979219377040863,0.9896062612533569,-0.011333495378494263
deepseek_qwen,50,5120,4.160706996917725,4.1561689376831055,8.27668571472168,7.198695764906706,0.8166437745094299,0.09824477881193161,0.995162308216095,-0.9807174801826477,0.9903479218482971,-0.012241261079907417
deepseek_qwen,51,5120,4.397727966308594,4.396575450897217,8.756304740905762,7.6150920602640255,0.8166441321372986,0.092872753739357,0.9956778883934021,-0.9827538132667542,0.991374671459198,-0.012240931391716003
deepseek_qwen,52,5120,4.616535663604736,4.613251686096191,9.193589210510254,7.990386308421393,0.8166438937187195,0.088510662317276,0.9960752129554749,-0.9843430519104004,0.9921658635139465,-0.012469323351979256
deepseek_qwen,53,5120,5.377099514007568,5.374940395355225,10.720982551574707,9.309669852409598,0.8166438341140747,0.0759677141904831,0.9971103668212891,-0.9884626269340515,0.9942290782928467,-0.01262305025011301
deepseek_qwen,54,5120,6.055023193359375,6.0496087074279785,12.07705307006836,10.478229647176343,0.8166438341140747,0.06749559193849564,0.9977198243141174,-0.9908972978591919,0.9954447150230408,-0.012999053113162518
deepseek_qwen,55,5120,7.195089340209961,7.193254470825195,14.36514949798584,12.459082215241217,0.8166442513465881,0.05676458775997162,0.9983874559402466,-0.9935571551322937,0.9967776536941528,-0.013401785865426064
deepseek_qwen,56,5120,7.937626361846924,7.932051658630371,15.848650932312012,13.738716481008789,0.8166438341140747,0.05147746577858925,0.9986743927001953,-0.9947041869163513,0.9973504543304443,-0.013572579249739647
deepseek_qwen,57,5120,9.444083213806152,9.435049057006836,18.86146354675293,16.341984338640664,0.816644012928009,0.04327714815735817,0.99906325340271,-0.9962582588195801,0.9981276988983154,-0.01436873059719801
deepseek_qwen,58,5120,11.150139808654785,11.142050743103027,22.277225494384766,19.29859798756501,0.8166438341140747,0.036646924912929535,0.9993282556533813,-0.9973159432411194,0.9986571669578552,-0.014605301432311535
deepseek_qwen,59,5120,12.35849380493164,12.350321769714355,24.695322036743164,21.391384794969238,0.8166443109512329,0.03306166082620621,0.9994533061981201,-0.9978156089782715,0.9989070892333984,-0.015222773887217045
deepseek_qwen,60,5120,13.861692428588867,13.85119342803955,27.700855255126953,23.99097076282863,0.8166437745094299,0.02947918511927128,0.9995654225349426,-0.9982636570930481,0.9991310834884644,-0.015113181434571743
deepseek_qwen,61,5120,17.938688278198242,17.92840003967285,35.85779571533203,31.052899767133255,0.8166438937187195,0.02277514711022377,0.9997406601905823,-0.9989635944366455,0.9994813203811646,-0.015868421643972397
deepseek_qwen,62,5120,24.52846336364746,24.514938354492188,49.03659439086914,42.46111877439944,0.8166441917419434,0.016656052321195602,0.9998613595962524,-0.9994453191757202,0.999722957611084,-0.01419772207736969
deepseek_qwen,63,5120,40.07176208496094,40.06156539916992,80.12916564941406,69.38866670210565,0.8166439533233643,0.010192361660301685,0.9999480247497559,-0.9997922778129578,0.9998959302902222,-0.014025717973709106
qwen3,0,5120,1.0365127325057983,1.0446690320968628,1.9142823219299316,1.8094198406855686,0.8166438341140747,0.39086246490478516,0.9204589128494263,-0.6920794248580933,0.8472445607185364,-0.46092697978019714
qwen3,1,5120,1.8968687057495117,1.8928744792938232,3.700711488723755,3.2785547704873848,0.8166438341140747,0.21571525931358337,0.9764567613601685,-0.9071320295333862,0.9534674882888794,0.03199905902147293
qwen3,2,5120,1.7881923913955688,1.7902610301971436,3.4840242862701416,3.100823063112053,0.8166438937187195,0.22807955741882324,0.9736427664756775,-0.8958398103713989,0.9479802250862122,0.012163394130766392
qwen3,3,5120,1.6753058433532715,1.6807730197906494,3.2552099227905273,2.911184266268375,0.8166439533233643,0.24293701350688934,0.9700434803962708,-0.8815834522247314,0.940984308719635,0.007055651396512985
qwen3,4,5120,1.6151680946350098,1.6133291721343994,3.123506784439087,2.794368095469815,0.8166439533233643,0.25309279561042786,0.9674422144889832,-0.8720347881317139,0.9359444975852966,-0.003301881952211261
qwen3,5,5120,1.5852267742156982,1.5814086198806763,3.059523820877075,2.7390800771607093,0.8166438341140747,0.25820139050483704,0.9660916328430176,-0.866987943649292,0.9333333373069763,-0.005918164737522602
qwen3,6,5120,1.5638335943222046,1.5593291521072388,3.0145082473754883,2.7008373171730358,0.8166438341140747,0.26185742020606995,0.9651076793670654,-0.8632605671882629,0.931432843208313,-0.004979564808309078
qwen3,7,5120,1.5699670314788818,1.5625462532043457,3.024200201034546,2.7064094997263104,0.8166438341140747,0.26131829619407654,0.9652557969093323,-0.8640822172164917,0.9317184090614319,-0.0008114022202789783
qwen3,8,5120,1.7290118932724,1.724708914756775,3.3557863235473633,2.987283468625714,0.8166438341140747,0.23674830794334412,0.9715718626976013,-0.8881826996803284,0.9439518451690674,-0.004797717556357384
qwen3,9,5120,1.9825423955917358,1.9767475128173828,3.8741581439971924,3.4238271259351176,0.8166436553001404,0.20656245946884155,0.9784345626831055,-0.9149175882339478,0.9573342204093933,-0.006398950703442097
qwen3,10,5120,2.2605841159820557,2.248518228530884,4.434550762176514,3.894547813560259,0.8166437745094299,0.18159598112106323,0.9833770990371704,-0.9344121813774109,0.9670302867889404,-0.004949604161083698
qwen3,11,5120,2.181802749633789,2.174734354019165,4.279317378997803,3.766750394126676,0.8166437149047852,0.18775711953639984,0.982217013835907,-0.9297281503677368,0.9647502303123474,-0.005680681671947241
qwen3,12,5120,1.8300474882125854,1.8153645992279053,3.552792549133301,3.1443037201246447,0.8166436553001404,0.22492551803588867,0.9743848443031311,-0.8996611833572388,0.9494256973266602,-0.0065426151268184185
qwen3,13,5120,1.7255200147628784,1.7047584056854248,3.3317160606384277,2.952728173277272,0.8166437149047852,0.2395188957452774,0.9709120392799377,-0.8867151141166687,0.942670464515686,-0.007515803445130587
qwen3,14,5120,1.7589943408966064,1.7443416118621826,3.406855821609497,3.021288297501891,0.8166437745094299,0.23408366739749908,0.972226083278656,-0.8913573622703552,0.9452233910560608,-0.008127634413540363
qwen3,15,5120,1.7491271495819092,1.7373312711715698,3.3894877433776855,3.009146031247382,0.8166438341140747,0.2350282371044159,0.9719949960708618,-0.8902915716171265,0.9447740316390991,-0.008014333434402943
qwen3,16,5120,1.694085955619812,1.6803654432296753,3.27417254447937,2.9104783229567937,0.8166435956954956,0.24299582839012146,0.9700363278388977,-0.8828955888748169,0.9409707188606262,-0.007694988511502743
qwen3,17,5120,1.6501213312149048,1.629537582397461,3.1764252185821533,2.8224418855553584,0.8166436553001404,0.2505752742290497,0.9681189656257629,-0.876069188117981,0.9372542500495911,-0.0076713706366717815
qwen3,18,5120,1.5816764831542969,1.5672087669372559,3.0411808490753174,2.7144852104026986,0.8166437149047852,0.26054081320762634,0.9654746651649475,-0.8655210137367249,0.9321413636207581,-0.008370655588805676
qwen3,19,5120,1.5927835702896118,1.5803190469741821,3.066240072250366,2.737192881528111,0.8166437149047852,0.25837936997413635,0.9660521149635315,-0.8675558567047119,0.9332568645477295,-0.00940100196748972
qwen3,20,5120,1.4390870332717896,1.4273840188980103,2.7477054595947266,2.4723016426432083,0.8166436553001404,0.2860630452632904,0.9582204818725586,-0.8377001881599426,0.9181864261627197,-0.010069862008094788
qwen3,21,5120,1.35965895652771,1.348008394241333,2.581606149673462,2.3348190278553265,0.8166435956954956,0.30290746688842773,0.9530307054519653,-0.818103551864624,0.9082676768302917,-0.010173313319683075
qwen3,22,5120,1.3727399110794067,1.3605703115463257,2.6084914207458496,2.3565769068680527,0.8166437745094299,0.3001108169555664,0.9539157748222351,-0.8215036988258362,0.9099550843238831,-0.01083887368440628
qwen3,23,5120,1.2636239528656006,1.253188967704773,2.3806612491607666,2.17058696354946,0.8166436553001404,0.3258262276649475,0.9454399347305298,-0.7894622683525085,0.8938565850257874,-0.012034873478114605
qwen3,24,5120,1.2185988426208496,1.2056795358657837,2.2826266288757324,2.0882982137656,0.8166436553001404,0.33866530656814575,0.9409241676330566,-0.7731003761291504,0.8853383660316467,-0.012285585515201092
qwen3,25,5120,1.213422417640686,1.1963270902633667,2.2672183513641357,2.0720993028071897,0.8166436553001404,0.34131285548210144,0.9399805068969727,-0.7703942656517029,0.8835633397102356,-0.01295808982104063
qwen3,26,5120,1.1938871145248413,1.172537922859192,2.22115159034729,2.0308952561933973,0.8166437745094299,0.34823769330978394,0.937456488609314,-0.7619608640670776,0.8788248300552368,-0.01415241789072752
qwen3,27,5120,1.216427206993103,1.1891584396362305,2.262892007827759,2.059682835699279,0.8166435956954956,0.34337037801742554,0.9392791390419006,-0.769736647605896,0.8822453022003174,-0.014885716140270233
qwen3,28,5120,1.2268012762069702,1.1988639831542969,2.284233808517456,2.076493330187641,0.8166435956954956,0.34059059619903564,0.9402931332588196,-0.7735445499420166,0.8841512203216553,-0.01611148566007614
qwen3,29,5120,1.230025291442871,1.2049920558929443,2.2941293716430664,2.087107463523456,0.8166436553001404,0.3388585150241852,0.9409018158912659,-0.7752348184585571,0.8852961659431458,-0.016278328374028206
qwen3,30,5120,1.2580304145812988,1.235341191291809,2.355952024459839,2.139673708000077,0.8166437745094299,0.3305336833000183,0.9438444972038269,-0.7856017351150513,0.8908424377441406,-0.01597999781370163
qwen3,31,5120,1.327833890914917,1.3071978092193604,2.5053763389587402,2.2641330211106605,0.8166437149047852,0.31236425042152405,0.9499986171722412,-0.8080127239227295,0.9024975299835205,-0.016309382393956184
qwen3,32,5120,1.4778670072555542,1.457078456878662,2.8191184997558594,2.5237339179279004,0.8166437745094299,0.2802332937717438,0.9599609375,-0.8452484011650085,0.9215246438980103,-0.018047448247671127
qwen3,33,5120,1.5839054584503174,1.5667833089828491,3.043062210083008,2.713748295609182,0.8166437149047852,0.26061156392097473,0.9654601812362671,-0.8656906485557556,0.932113528251648,-0.018712569028139114
qwen3,34,5120,1.7498503923416138,1.7356986999511719,3.3885607719421387,3.0063183349466778,0.8166437149047852,0.23524926602840424,0.9719442129135132,-0.8902437090873718,0.9446755647659302,-0.018616938963532448
qwen3,35,5120,1.7979778051376343,1.7817518711090088,3.485372543334961,3.086084767241717,0.8166437149047852,0.22916875779628754,0.9733979105949402,-0.8959524035453796,0.9475037455558777,-0.018394749611616135
qwen3,36,5120,1.6512373685836792,1.6365246772766113,3.1847593784332275,2.834543888883351,0.8166437149047852,0.24950547516345978,0.9683845043182373,-0.8766436576843262,0.9377686977386475,-0.01661844737827778
qwen3,37,5120,1.5277488231658936,1.5127066373825073,2.928769111633301,2.620084752893173,0.8166437149047852,0.269927978515625,0.9628943204879761,-0.8557615280151367,0.9271653890609741,-0.01653861813247204
qwen3,38,5120,1.4662256240844727,1.4514870643615723,2.8011348247528076,2.5140493420032404,0.8166437745094299,0.2813127934932709,0.9596307873725891,-0.8433682322502136,0.9208911061286926,-0.01575774885714054
qwen3,39,5120,1.585641860961914,1.5701236724853516,3.048309564590454,2.719533974911265,0.8166437745094299,0.26005715131759644,0.9656067490577698,-0.8661127090454102,0.9323961734771729,-0.01611042395234108
qwen3,40,5120,1.5942959785461426,1.581160068511963,3.068678140640259,2.738649573561807,0.8166437149047852,0.2582419514656067,0.9660900831222534,-0.8677554726600647,0.9333300590515137,-0.016465000808238983
qwen3,41,5120,1.586630940437317,1.5736405849456787,3.052962064743042,2.7256254459783236,0.8166437149047852,0.2594759464263916,0.9657590389251709,-0.8664806485176086,0.9326906204223633,-0.01613118313252926
qwen3,42,5120,1.7744756937026978,1.7663899660110474,3.4454152584075928,3.0594771671109964,0.8166439533233643,0.23116184771060944,0.9729183316230774,-0.893625795841217,0.9465696811676025,-0.01680298149585724
qwen3,43,5120,1.931026577949524,1.9264582395553589,3.7700538635253906,3.336723549569577,0.8166437745094299,0.21195469796657562,0.9772802591323853,-0.9103659987449646,0.9550768733024597,-0.016911862418055534
qwen3,44,5120,1.6976523399353027,1.687726378440857,3.28541898727417,2.923227836733783,0.8166437149047852,0.24193605780601501,0.9702968597412109,-0.8836354613304138,0.941476047039032,-0.01803615130484104
qwen3,45,5120,2.0113205909729004,2.0060510635375977,3.9334962368011475,3.4745823646247014,0.8166438341140747,0.20354512333869934,0.9790665507316589,-0.9173591732978821,0.9585714340209961,-0.019202986732125282
qwen3,46,5120,2.4783918857574463,2.4764039516448975,4.887033462524414,4.2892574643133035,0.8166438341140747,0.164885014295578,0.9863128066062927,-0.9456697106361389,0.972812831401825,-0.021482422947883606
qwen3,47,5120,2.9438726902008057,2.942277193069458,5.829224586486816,5.096173588347445,0.8166437745094299,0.13877750933170319,0.9903236627578735,-0.9615027904510498,0.9807410836219788,-0.023000193759799004
qwen3,48,5120,3.095280647277832,3.090956687927246,6.132099151611328,5.353694027484809,0.8166438341140747,0.1321021169424057,0.9912365674972534,-0.9651479125022888,0.9825497269630432,-0.020973995327949524
qwen3,49,5120,3.4282517433166504,3.4237117767333984,6.803125858306885,5.930042747774158,0.8166439533233643,0.11926295608282089,0.99286288022995,-0.9715914130210876,0.9857770800590515,-0.022254303097724915
qwen3,50,5120,4.426539897918701,4.420746803283691,8.809518814086914,7.656958070685051,0.8166435956954956,0.09236489236354828,0.9957255125045776,-0.9829607009887695,0.9914693832397461,-0.023514503613114357
qwen3,51,5120,4.394299030303955,4.388310432434082,8.744561195373535,7.600776628360381,0.8166438341140747,0.09304763376712799,0.995661735534668,-0.9827086329460144,0.9913422465324402,-0.020349284633994102
qwen3,52,5120,4.898225784301758,4.889657974243164,9.753761291503906,8.469136043023473,0.8166438341140747,0.08350725471973419,0.9965075254440308,-0.9860790371894836,0.9930270910263062,-0.019778145477175713
qwen3,53,5120,5.745957374572754,5.73799467086792,11.45488166809082,9.938498303502696,0.8166438341140747,0.07116108387708664,0.9974652528762817,-0.9898873567581177,0.9949368238449097,-0.02100272662937641
qwen3,54,5120,6.350176811218262,6.348141670227051,12.672032356262207,10.995303906478405,0.8166440725326538,0.06432150304317474,0.9979292750358582,-0.9917283058166504,0.9958629012107849,-0.020261012017726898
qwen3,55,5120,6.905394554138184,6.9049859046936035,13.786212921142578,11.959786412476271,0.816644012928009,0.05913437157869339,0.9982499480247498,-0.9930065274238586,0.9965032339096069,-0.020122896879911423
qwen3,56,5120,8.217310905456543,8.21923828125,16.416250228881836,14.236138302640095,0.8166435360908508,0.04967878386378288,0.998765230178833,-0.9950628280639648,0.9975317120552063,-0.01975387893617153
qwen3,57,5120,10.668017387390137,10.665899276733398,21.318281173706055,18.47387945571439,0.8166437745094299,0.038282930850982666,0.9992669224739075,-0.9970693588256836,0.9985341429710388,-0.01924089528620243
qwen3,58,5120,12.71372127532959,12.711275100708008,25.41187286376953,22.016574303411467,0.8166440725326538,0.03212282434105873,0.9994842410087585,-0.9979366660118103,0.9989691376686096,-0.018589988350868225
qwen3,59,5120,15.65625286102295,15.655595779418945,31.301198959350586,27.116287312714494,0.8166436553001404,0.026081526651978493,0.9996598958969116,-0.9986395835876465,0.9993196725845337,-0.018400929868221283
qwen3,60,5120,19.64681625366211,19.6487979888916,39.28712463378906,34.03271642441743,0.816644012928009,0.0207810178399086,0.9997841119766235,-0.9991362690925598,0.9995681047439575,-0.01769225299358368
qwen3,61,5120,23.93311882019043,23.935022354125977,47.861175537109375,41.45667479764303,0.8166442513465881,0.017059609293937683,0.9998545050621033,-0.9994180202484131,0.9997089505195618,-0.015461219474673271
qwen3,62,5120,29.216880798339844,29.215988159179688,58.427162170410156,50.60357588502994,0.8166435956954956,0.013975970447063446,0.9999023079872131,-0.9996093511581421,0.999804675579071,-0.009962154552340508
qwen3,63,5120,44.04566955566406,44.046016693115234,88.08790588378906,76.28993878350249,0.8166441321372986,0.009270351380109787,0.9999570250511169,-0.9998281598091125,0.9999142289161682,-0.0030891504138708115
qwq,0,5120,0.6642243266105652,0.6721470355987549,1.0578486919403076,1.1641928158138504,0.8166438341140747,0.6074889898300171,0.7943629622459412,-0.25318068265914917,0.6310124397277832,-0.4030771255493164
qwq,1,5120,1.3085803985595703,1.296112298965454,2.473392963409424,2.244932354123069,0.8166438341140747,0.3150359094142914,0.949093222618103,-0.8034418225288391,0.9007781147956848,-0.0054323989897966385
qwq,2,5120,1.3096529245376587,1.301482915878296,2.480159044265747,2.2542345354840996,0.8166438341140747,0.3137359023094177,0.949516236782074,-0.8043872117996216,0.9015811085700989,-0.008595691062510014
qwq,3,5120,1.2629737854003906,1.2576122283935547,2.3846330642700195,2.178248275797552,0.8166438341140747,0.32468029856681824,0.945826530456543,-0.7900693416595459,0.894587516784668,-0.00939987413585186
qwq,4,5120,1.2190022468566895,1.2217737436294556,2.3001060485839844,2.116174199319849,0.8166438341140747,0.33420419692993164,0.942501425743103,-0.7761097550392151,0.8883090615272522,-0.010805645026266575
qwq,5,5120,1.1739501953125,1.177621603012085,2.2052199840545654,2.0397004485076375,0.8166438341140747,0.3467344045639038,0.9379648566246033,-0.7588032484054565,0.8797783851623535,-0.010324850678443909
qwq,6,5120,1.187469482421875,1.1940385103225708,2.237122058868408,2.068135366072548,0.8166438937187195,0.3419671356678009,0.9397163987159729,-0.7648382782936096,0.883066713809967,-0.011519530788064003
qwq,7,5120,1.1856688261032104,1.1931681632995605,2.2342817783355713,2.066627880808478,0.8166438937187195,0.3422165811061859,0.9396271109580994,-0.7643141746520996,0.8828991651535034,-0.011276357807219028
qwq,8,5120,1.2314258813858032,1.231589436531067,2.32369065284729,2.133175478136933,0.8166438341140747,0.33154061436653137,0.9434409141540527,-0.780132532119751,0.8900805711746216,-0.012922652065753937
qwq,9,5120,1.2561578750610352,1.2579729557037354,2.3778038024902344,2.1788730738264626,0.8166437745094299,0.3245871663093567,0.9458562135696411,-0.7889831066131592,0.8946442008018494,-0.010809753090143204
qwq,10,5120,1.3595761060714722,1.358893871307373,2.5929081439971924,2.3536732271983336,0.8166438341140747,0.30048108100891113,0.9537878036499023,-0.8195129632949829,0.9097112417221069,-0.011063682846724987
qwq,11,5120,1.7967616319656372,1.7954885959625244,3.4981935024261475,3.1098774726176,0.8166438341140747,0.22741548717021942,0.9737980365753174,-0.896638035774231,0.9482825994491577,-0.012491454370319843
qwq,12,5120,1.7585560083389282,1.7595744132995605,3.422036647796631,3.0476722835330374,0.8166437745094299,0.23205718398094177,0.972702145576477,-0.8922366499900818,0.9461493492126465,-0.012030813843011856
qwq,13,5120,1.6649389266967773,1.662229061126709,3.2253904342651367,2.879065187688973,0.8166438341140747,0.24564720690250397,0.969359815120697,-0.8795127272605896,0.9396584630012512,-0.011625384911894798
qwq,14,5120,1.6823718547821045,1.6803783178329468,3.262082815170288,2.910500622423787,0.8166437745094299,0.242994025349617,0.9700281620025635,-0.8820483684539795,0.9409546256065369,-0.012014500796794891
qwq,15,5120,1.5807826519012451,1.5801233053207397,3.05359148979187,2.736853847039191,0.8166437745094299,0.2584114074707031,0.9660351872444153,-0.866503119468689,0.9332239031791687,-0.010686715133488178
qwq,16,5120,1.4858561754226685,1.4833433628082275,2.8546879291534424,2.569226069453925,0.8166438341140747,0.27527135610580444,0.9613668322563171,-0.848708987236023,0.9242264032363892,-0.011611070483922958
qwq,17,5120,1.3356711864471436,1.335416316986084,2.543187141418457,2.3130089102764027,0.8166438341140747,0.30576375126838684,0.9521075487136841,-0.8130528926849365,0.90650874376297,-0.012562326155602932
qwq,18,5120,1.2728005647659302,1.2737253904342651,2.4120304584503174,2.2061570911226527,0.8166437745094299,0.32057294249534607,0.9472238421440125,-0.7943170070648193,0.8972330093383789,-0.01309253927320242
qwq,19,5120,1.2422462701797485,1.2471163272857666,2.351604700088501,2.1600688418076444,0.8166437149047852,0.32741281390190125,0.9448835849761963,-0.7847689390182495,0.8928050398826599,-0.01410016417503357
qwq,20,5120,1.245822548866272,1.2444316148757935,2.352543592453003,2.15541878350986,0.8166437745094299,0.3281191885471344,0.9446365833282471,-0.7849168181419373,0.8923382759094238,-0.01494679506868124
qwq,21,5120,1.25041663646698,1.2476756572723389,2.36083984375,2.1610376297625846,0.8166438341140747,0.32726606726646423,0.9449329972267151,-0.7862658500671387,0.8928983211517334,-0.015170595608651638
qwq,22,5120,1.2485969066619873,1.2512575387954712,2.362704277038574,2.1672416305473416,0.8166437745094299,0.32632920145988464,0.9452569484710693,-0.7865667343139648,0.893510639667511,-0.015499508939683437
qwq,23,5120,1.2673074007034302,1.2710986137390137,2.403458595275879,2.201607380426339,0.8166437149047852,0.32123538851737976,0.9470005035400391,-0.7930025458335876,0.896809995174408,-0.015232371166348457
qwq,24,5120,1.3237481117248535,1.3273084163665771,2.5221428871154785,2.298965614460698,0.8166437745094299,0.3076314926147461,0.9515064358711243,-0.8102200627326965,0.905364453792572,-0.015234414488077164
qwq,25,5120,1.343436598777771,1.3457005023956299,2.562138557434082,2.3308216419201946,0.8166437745094299,0.3034270107746124,0.952855110168457,-0.8155550956726074,0.9079328179359436,-0.014921153895556927
qwq,26,5120,1.3744397163391113,1.3750007152557373,2.6253602504730225,2.381571099266484,0.8166438341140747,0.29696124792099,0.9548896551132202,-0.8235562443733215,0.9118139147758484,-0.015109480358660221
qwq,27,5120,1.4130702018737793,1.4185911417007446,2.7113518714904785,2.4570719325928305,0.8166437149047852,0.2878361940383911,0.9576816558837891,-0.8336606621742249,0.91715407371521,-0.015174701809883118
qwq,28,5120,1.3779770135879517,1.3832951784133911,2.637753963470459,2.3959375308770485,0.8166438937187195,0.29518061876296997,0.9554435610771179,-0.8250718116760254,0.9128724336624146,-0.014623446390032768
qwq,29,5120,1.4538228511810303,1.462493658065796,2.7996551990509033,2.5331133215172232,0.8166437745094299,0.2791956663131714,0.9602394700050354,-0.8431876301765442,0.9220595955848694,-0.014626550488173962
qwq,30,5120,1.470577597618103,1.4816029071807861,2.837003231048584,2.566211511878877,0.8166438937187195,0.27559471130371094,0.961281418800354,-0.8469840884208679,0.92406165599823,-0.01396176964044571
qwq,31,5120,1.627419352531433,1.6372575759887695,3.160902261734009,2.835813306689611,0.8166438341140747,0.24939382076263428,0.968407154083252,-0.8748714923858643,0.9378125667572021,-0.013604799285531044
qwq,32,5120,1.795446753501892,1.8068532943725586,3.508531093597412,3.129561707676477,0.8166438937187195,0.2259851098060608,0.9741361141204834,-0.8972325325012207,0.9489409923553467,-0.013454973697662354
qwq,33,5120,1.8189971446990967,1.834356665611267,3.560943841934204,3.1771989440413484,0.8166438341140747,0.22259679436683655,0.9749200940132141,-0.9000998139381409,0.9504691958427429,-0.012334534898400307
qwq,34,5120,1.8493645191192627,1.8616379499435425,3.6200530529022217,3.2244515146005823,0.8166438341140747,0.21933476626873016,0.9756555557250977,-0.9031680822372437,0.9519039392471313,-0.01213839091360569
qwq,35,5120,1.8837409019470215,1.8953725099563599,3.6898412704467773,3.282881486513763,0.8166438937187195,0.21543097496032715,0.9765239953994751,-0.9066247940063477,0.9535993337631226,-0.012346366420388222
qwq,36,5120,1.9468504190444946,1.9601963758468628,3.820770263671875,3.3951597157791453,0.8166439533233643,0.2083066701889038,0.9780697822570801,-0.9126451015472412,0.956620454788208,-0.012251302599906921
qwq,37,5120,1.9964754581451416,2.0074045658111572,3.9197282791137695,3.4769266993306664,0.8166439533233643,0.2034079134464264,0.9790979027748108,-0.9168123006820679,0.9586327075958252,-0.011590942740440369
qwq,38,5120,2.0371086597442627,2.0526275634765625,4.0074028968811035,3.555255228957717,0.8166438341140747,0.19892644882202148,0.9800220727920532,-0.9202825427055359,0.9604430198669434,-0.01266722846776247
qwq,39,5120,2.0025904178619385,2.01784610748291,3.9366531372070312,3.4950119800154904,0.8166438937187195,0.20235534012317657,0.9793198704719543,-0.9175096750259399,0.9590672254562378,-0.01176512148231268
qwq,40,5120,2.186452627182007,2.203062057495117,4.312911510467529,3.8158154158087703,0.8166438341140747,0.1853429079055786,0.9826815128326416,-0.9308028221130371,0.965663492679596,-0.012144853360950947
qwq,41,5120,2.3541526794433594,2.3717575073242188,4.654850959777832,4.108004505918461,0.8166438341140747,0.1721600592136383,0.9850760102272034,-0.9403064250946045,0.9703747630119324,-0.01295103132724762
qwq,42,5120,2.5038540363311768,2.519355297088623,4.956407070159912,4.3636513768752785,0.8166438937187195,0.1620739847421646,0.9867833852767944,-0.9471578598022461,0.9737412929534912,-0.013121492229402065
qwq,43,5120,2.46376895904541,2.4815261363983154,4.877432823181152,4.298129348551979,0.8166439533233643,0.1645447015762329,0.9863764047622681,-0.9454855918884277,0.9729382395744324,-0.013095395639538765
qwq,44,5120,2.6834113597869873,2.695772409439087,5.31684684753418,4.669214778790869,0.8166439533233643,0.15146753191947937,0.9884650707244873,-0.9539144039154053,0.9770634174346924,-0.013186939992010593
qwq,45,5120,2.8826050758361816,2.8973066806793213,5.721946716308594,5.018282376045322,0.8166438341140747,0.14093154668807983,0.9900227785110474,-0.9600867033004761,0.9801448583602905,-0.011808126233518124
qwq,46,5120,3.028104543685913,3.045562982559204,6.018540859222412,5.275069823443548,0.8166438937187195,0.13407109677791595,0.9909759163856506,-0.9638592004776001,0.9820332527160645,-0.012048168107867241
qwq,47,5120,3.3319525718688965,3.345332622528076,6.627171516418457,5.794286070436264,0.8166439533233643,0.12205721437931061,0.9925248622894287,-0.9700922966003418,0.9851054549217224,-0.011293115094304085
qwq,48,5120,3.8170669078826904,3.8289954662323,7.602334499359131,6.632014689465225,0.8166438937187195,0.10663944482803345,0.9942989349365234,-0.9771897792816162,0.9886302351951599,-0.012369383126497269
qwq,49,5120,3.6496078968048096,3.653837203979492,7.257646083831787,6.328631679877889,0.8166438341140747,0.11175153404474258,0.9937362670898438,-0.9749948978424072,0.9875118136405945,-0.011519176885485649
qwq,50,5120,3.8651480674743652,3.87123703956604,7.693165302276611,6.70517924067091,0.8166439533233643,0.10547584295272827,0.994422197341919,-0.9777160286903381,0.9888754487037659,-0.010813290253281593
qwq,51,5120,4.387761116027832,4.39192533493042,8.741625785827637,7.607037823148446,0.8166438341140747,0.09297104924917221,0.995668888092041,-0.9826968312263489,0.9913566708564758,-0.011066611856222153
qwq,52,5120,4.702310085296631,4.703764915466309,9.370556831359863,8.147159820447571,0.8166439533233643,0.086807481944561,0.9962253570556641,-0.9849245548248291,0.9924653768539429,-0.010712678544223309
qwq,53,5120,5.284379482269287,5.287505149841309,10.540294647216797,9.158227564807236,0.8166438341140747,0.07722392678260803,0.9970136880874634,-0.988065779209137,0.9940359592437744,-0.010876289568841457
qwq,54,5120,5.877806186676025,5.882895469665527,11.732316017150879,10.189473849077467,0.8166439533233643,0.06940833479166031,0.9975885152816772,-0.9903570413589478,0.9951831102371216,-0.010754532180726528
qwq,55,5120,6.807749271392822,6.813441753387451,13.596691131591797,11.801227291278243,0.816644012928009,0.05992889031767845,0.9982026815414429,-0.992811381816864,0.9964085817337036,-0.011259968392550945
qwq,56,5120,7.66129732131958,7.6612019538879395,15.3007230758667,13.269591031179868,0.816644012928009,0.05329738184809685,0.9985785484313965,-0.994318962097168,0.9971590638160706,-0.011438051238656044
qwq,57,5120,9.117040634155273,9.10926342010498,18.2080020904541,15.777707063150466,0.8166438341140747,0.044824909418821335,0.998995304107666,-0.9959853887557983,0.997991681098938,-0.011986006051301956
qwq,58,5120,9.683075904846191,9.678006172180176,19.343852996826172,16.762798406181254,0.8166438341140747,0.042190708220005035,0.9991095066070557,-0.9964419603347778,0.9982199668884277,-0.011219996027648449
qwq,59,5120,11.312013626098633,11.302600860595703,22.599868774414062,19.576678948223478,0.8166437745094299,0.03612636402249336,0.9993472099304199,-0.9973922967910767,0.9986945986747742,-0.011108482256531715
qwq,60,5120,11.768020629882812,11.7598237991333,23.513668060302734,20.36861230815654,0.8166438341140747,0.034721773117780685,0.9993969798088074,-0.9975907206535339,0.9987942576408386,-0.011039461940526962
qwq,61,5120,14.346453666687012,14.338362693786621,28.673187255859375,24.834772682988582,0.8166439533233643,0.028477586805820465,0.9995946884155273,-0.9983792304992676,0.9991897940635681,-0.012235053814947605
qwq,62,5120,16.027191162109375,16.021764755249023,32.03854751586914,27.75051058300765,0.8166439533233643,0.025485455989837646,0.9996752142906189,-0.9987013936042786,0.9993505477905273,-0.008710232563316822
qwq,63,5120,24.866220474243164,24.860074996948242,49.71958923339844,43.05891297468706,0.816644012928009,0.016424810513854027,0.999864935874939,-0.9994605779647827,0.9997298121452332,-0.0056658294051885605
