model,family,framing,arm,signed_alpha,n_pairs,metric,behaviour,base_mean,arm_mean,delta,ci_lo,ci_hi,p_paired_t,p_wilcoxon
qwen3_4b,steer_actions,fake,aware_strong,0.2,149,density,initializing,0.6555156727806019,0.5424595790317612,-0.11305609374884061,-0.20490522549084633,-0.020518053953302334,0.018088476112211812,0.01902800382570824
qwen3_4b,steer_actions,fake,aware_strong,0.2,149,density,deduction,3.8434546154919462,3.880113731103971,0.03665911561202554,-0.190136885039749,0.27833302597086107,0.7575992867153485,0.947870795438625
qwen3_4b,steer_actions,fake,aware_strong,0.2,149,density,adding-knowledge,1.7057856412103216,1.558337356909539,-0.1474482843007828,-0.3131843078693022,0.021362405920458787,0.0840676276427829,0.10493456458864263
qwen3_4b,steer_actions,fake,aware_strong,0.2,149,density,example-testing,0.31224159286841713,0.3290543098285098,0.0168127169600926,-0.06455597326289114,0.10925317331059299,0.7138954511531567,0.5937111795136514
qwen3_4b,steer_actions,fake,aware_strong,0.2,149,density,uncertainty-estimation,0.6064632283561479,0.7514892284609793,0.14502600010483144,0.031205708246699184,0.26898077771524675,0.015800620472991425,0.00741962394949801
qwen3_4b,steer_actions,fake,aware_strong,0.2,149,density,backtracking,0.27885655324822356,0.27510504232381805,-0.003751510924405485,-0.06931971754281427,0.06113037693887478,0.9131755889921628,0.7853432116230679
qwen3_4b,steer_actions,fake,aware_strong,0.2,149,coverage,initializing,0.11856491824365388,0.0993987405786662,-0.01916617766498769,-0.03098279089416824,-0.00611892407872759,0.002506497070672476,0.02093388715890811
qwen3_4b,steer_actions,fake,aware_strong,0.2,149,coverage,deduction,0.47543687958404696,0.49332398014255796,0.017887100558511067,-0.007996581827899266,0.042133614609928996,0.15657964617343534,0.16508894646235006
qwen3_4b,steer_actions,fake,aware_strong,0.2,149,coverage,adding-knowledge,0.23276136044242732,0.2208194210146037,-0.011941939427823609,-0.0339665114601923,0.012319465472131001,0.3089340050460175,0.3030171456848746
qwen3_4b,steer_actions,fake,aware_strong,0.2,149,coverage,example-testing,0.048402524728624455,0.04247226956367781,-0.005930255164946642,-0.017021032538644627,0.004941888784748851,0.3083157209137795,0.47610341518873944
qwen3_4b,steer_actions,fake,aware_strong,0.2,149,coverage,uncertainty-estimation,0.07994356445142115,0.10160979720871892,0.021666232757297774,0.003939731895346257,0.03981566939970689,0.018201402126858335,0.004418242966536983
qwen3_4b,steer_actions,fake,aware_strong,0.2,149,coverage,backtracking,0.04489075254982626,0.04237579149177537,-0.0025149610580508914,-0.013426037786238045,0.007651165932639722,0.654195630642425,0.6790342672179113
qwen3_4b,steer_actions,fake,aware_strong,0.2,149,any,initializing,1.0,1.0,0.0,0.0,0.0,,
qwen3_4b,steer_actions,fake,aware_strong,0.2,149,any,deduction,1.0,1.0,0.0,0.0,0.0,,
qwen3_4b,steer_actions,fake,aware_strong,0.2,149,any,adding-knowledge,0.9798657718120806,0.9865771812080537,0.006711409395973154,-0.020134228187919462,0.03355704697986577,0.6562419878969388,1.0
qwen3_4b,steer_actions,fake,aware_strong,0.2,149,any,example-testing,0.436241610738255,0.48322147651006714,0.04697986577181208,-0.040268456375838924,0.1342281879194631,0.30882522074267327,0.30722840973069676
qwen3_4b,steer_actions,fake,aware_strong,0.2,149,any,uncertainty-estimation,0.6711409395973155,0.7516778523489933,0.08053691275167785,-0.006711409395973154,0.174496644295302,0.07677073150788662,0.07684324403365637
qwen3_4b,steer_actions,fake,aware_strong,0.2,149,any,backtracking,0.5637583892617449,0.5838926174496645,0.020134228187919462,-0.087248322147651,0.12751677852348994,0.7192847982820424,0.7179816667337766
qwen3_4b,steer_actions,fake,aware_strong,0.2,149,density_testlex,initializing,0.004428353302235407,0.0037942938306682163,-0.0006340594715671904,-0.004185970663059238,0.0025635360745818246,0.7059787490582017,
qwen3_4b,steer_actions,fake,aware_strong,0.2,149,density_testlex,deduction,0.1314254104559466,0.09705953503624137,-0.03436587541970523,-0.07947142330264015,0.010525190901091032,0.13477464143842124,0.1392014003800864
qwen3_4b,steer_actions,fake,aware_strong,0.2,149,density_testlex,adding-knowledge,0.015523357859370266,0.02353064920251205,0.008007291343141786,-0.012773199094722205,0.030768439658727,0.47526174235479424,0.5320471843202862
qwen3_4b,steer_actions,fake,aware_strong,0.2,149,density_testlex,example-testing,0.0035794183445190158,0.0,-0.0035794183445190158,-0.010738255033557048,0.0,0.31894268036747386,
qwen3_4b,steer_actions,fake,aware_strong,0.2,149,density_testlex,uncertainty-estimation,0.061559992636428106,0.10542131773756179,0.04386132510113369,0.007060533601451792,0.08292113982060871,0.03225890443798033,0.04354543410541452
qwen3_4b,steer_actions,fake,aware_strong,0.2,149,density_testlex,backtracking,0.004066969719375313,0.0026632576968147435,-0.0014037120225605696,-0.008159049181848595,0.005737622286426393,0.6971901128961125,
qwen3_4b,steer_actions,fake,aware_strong,0.2,149,density_nontest,initializing,0.6510873194783665,0.538665285201093,-0.11242203427727342,-0.20445428586634012,-0.020558182875675658,0.01861702896071983,0.017020080629481252
qwen3_4b,steer_actions,fake,aware_strong,0.2,149,density_nontest,deduction,3.7120292050359995,3.783054196067729,0.07102499103173081,-0.1645999408259209,0.3158784580541141,0.5499223975919499,0.7682326430432084
qwen3_4b,steer_actions,fake,aware_strong,0.2,149,density_nontest,adding-knowledge,1.6902622833509513,1.5348067077070269,-0.15545557564392457,-0.3262477610563007,0.011418433714528328,0.07189393097071596,0.08457107417718028
qwen3_4b,steer_actions,fake,aware_strong,0.2,149,density_nontest,example-testing,0.3086621745238981,0.3290543098285098,0.020392135304611616,-0.061068596550592366,0.1122135808713331,0.6589646787482006,0.5513299735601335
qwen3_4b,steer_actions,fake,aware_strong,0.2,149,density_nontest,uncertainty-estimation,0.5449032357197199,0.6460679107234174,0.10116467500369779,-0.007276383380473137,0.22212994308140693,0.08245263048080347,0.06458300268577907
qwen3_4b,steer_actions,fake,aware_strong,0.2,149,density_nontest,backtracking,0.27478958352884825,0.27244178462700336,-0.0023477989018449133,-0.06721183924399957,0.061076360136184595,0.9451762620714232,0.7893730141081321
qwen3_4b,steer_actions,fake,aware_strong,0.2,149,words,,345.2281879194631,398.46308724832215,53.23489932885906,8.988590604026847,97.53372483221472,0.01616617837796967,0.006467828234206214
qwen3_4b,steer_actions,fake,aware_strong,0.2,149,n_spans_counted,,24.06040268456376,27.825503355704697,3.7651006711409396,0.7380872483221477,6.732046979865769,0.011380168425255948,0.00347625298652006
qwen3_4b,steer_actions,fake,baseline_seed1,0.0,149,density,initializing,0.6555156727806019,0.6981156399725649,0.04259996719196304,-0.05813177336509114,0.15224390963021478,0.4362390150563615,0.3733928739853499
qwen3_4b,steer_actions,fake,baseline_seed1,0.0,149,density,deduction,3.8434546154919462,4.111430661144452,0.2679760456525074,0.030215678662436296,0.5106191748387368,0.02848857975652198,0.033399690831779884
qwen3_4b,steer_actions,fake,baseline_seed1,0.0,149,density,adding-knowledge,1.7057856412103216,1.6502635210253909,-0.055522120184930863,-0.23360223166403554,0.11877158954612291,0.5297559827355484,0.6989911045055317
qwen3_4b,steer_actions,fake,baseline_seed1,0.0,149,density,example-testing,0.31224159286841713,0.2862640238618894,-0.025977569006527677,-0.12100683468477864,0.0676353836494554,0.6057711850333538,0.5595997923728147
qwen3_4b,steer_actions,fake,baseline_seed1,0.0,149,density,uncertainty-estimation,0.6064632283561479,0.6188092260029103,0.012345997646762447,-0.10093823087824538,0.13354798066909873,0.8335521792272781,0.8095221945326928
qwen3_4b,steer_actions,fake,baseline_seed1,0.0,149,density,backtracking,0.27885655324822356,0.26912054982059597,-0.009736003427627603,-0.07463878012918444,0.051216663184602974,0.7625815955774224,0.4928918375241349
qwen3_4b,steer_actions,fake,baseline_seed1,0.0,149,coverage,initializing,0.11856491824365388,0.11733955127787783,-0.001225366965776045,-0.013104674796061278,0.012142187448898042,0.8561555777205593,0.8722519033647032
qwen3_4b,steer_actions,fake,baseline_seed1,0.0,149,coverage,deduction,0.47543687958404696,0.4946888150911627,0.019251935507115844,-0.00531631952790612,0.045056649612187964,0.14017144647576102,0.1416573540045181
qwen3_4b,steer_actions,fake,baseline_seed1,0.0,149,coverage,adding-knowledge,0.23276136044242732,0.22359419158676705,-0.00916716885566031,-0.032542827011036994,0.013881319632693852,0.4410940090952183,0.8227808811337464
qwen3_4b,steer_actions,fake,baseline_seed1,0.0,149,coverage,example-testing,0.048402524728624455,0.0393896547411528,-0.009012869987471648,-0.02164758130268665,0.003850243711671459,0.18652488512770127,0.25231710047620093
qwen3_4b,steer_actions,fake,baseline_seed1,0.0,149,coverage,uncertainty-estimation,0.07994356445142115,0.08076927752291374,0.0008257130714925916,-0.015398746798976399,0.017083215579329965,0.9195782647658348,0.5947276615871422
qwen3_4b,steer_actions,fake,baseline_seed1,0.0,149,coverage,backtracking,0.04489075254982626,0.044218509780125835,-0.0006722427697004257,-0.011581027564552681,0.010080125584279797,0.905744151171676,0.515133505454844
qwen3_4b,steer_actions,fake,baseline_seed1,0.0,149,any,initializing,1.0,1.0,0.0,0.0,0.0,,
qwen3_4b,steer_actions,fake,baseline_seed1,0.0,149,any,deduction,1.0,1.0,0.0,0.0,0.0,,
qwen3_4b,steer_actions,fake,baseline_seed1,0.0,149,any,adding-knowledge,0.9798657718120806,0.9865771812080537,0.006711409395973154,-0.013422818791946308,0.03355704697986577,0.5654534272810476,
qwen3_4b,steer_actions,fake,baseline_seed1,0.0,149,any,example-testing,0.436241610738255,0.40939597315436244,-0.026845637583892617,-0.12080536912751678,0.06711409395973154,0.5879180922519671,0.58621368107314
qwen3_4b,steer_actions,fake,baseline_seed1,0.0,149,any,uncertainty-estimation,0.6711409395973155,0.6778523489932886,0.006711409395973154,-0.087248322147651,0.10067114093959731,0.8891922503090613,0.8886378608950078
qwen3_4b,steer_actions,fake,baseline_seed1,0.0,149,any,backtracking,0.5637583892617449,0.5167785234899329,-0.04697986577181208,-0.14093959731543623,0.04697986577181208,0.3286527890721246,0.32698934959801507
qwen3_4b,steer_actions,fake,baseline_seed1,0.0,149,density_testlex,initializing,0.004428353302235407,0.0068241141214015425,0.0023957608191661358,-0.001996998226423644,0.007795870873168023,0.32382963956644545,
qwen3_4b,steer_actions,fake,baseline_seed1,0.0,149,density_testlex,deduction,0.1314254104559466,0.11498948500935781,-0.016435925446588822,-0.0632284383545467,0.027224794607334568,0.48952501915000773,0.5677813567104609
qwen3_4b,steer_actions,fake,baseline_seed1,0.0,149,density_testlex,adding-knowledge,0.015523357859370266,0.008521064918702663,-0.007002292940667601,-0.02213212821240587,0.007960005057059672,0.38881036078402237,0.4609375
qwen3_4b,steer_actions,fake,baseline_seed1,0.0,149,density_testlex,example-testing,0.0035794183445190158,0.0,-0.0035794183445190158,-0.010738255033557048,0.0,0.31894268036747386,
qwen3_4b,steer_actions,fake,baseline_seed1,0.0,149,density_testlex,uncertainty-estimation,0.061559992636428106,0.09298259359789879,0.03142260096147069,-0.002635181699422106,0.07055362614676482,0.10824825664835215,0.09023483133668324
qwen3_4b,steer_actions,fake,baseline_seed1,0.0,149,density_testlex,backtracking,0.004066969719375313,0.0032777390601481026,-0.0007892306592272108,-0.0076463880638943296,0.005658874649763929,0.8144766723474424,1.0
qwen3_4b,steer_actions,fake,baseline_seed1,0.0,149,density_nontest,initializing,0.6510873194783665,0.6912915258511634,0.04020420637279689,-0.05902927752773774,0.1502555413186143,0.4589015283637889,0.3959227170657177
qwen3_4b,steer_actions,fake,baseline_seed1,0.0,149,density_nontest,deduction,3.7120292050359995,3.9964411761350953,0.2844119710990962,0.04506981036506915,0.5198801125585877,0.021805517076785224,0.031857308119138866
qwen3_4b,steer_actions,fake,baseline_seed1,0.0,149,density_nontest,adding-knowledge,1.6902622833509513,1.6417424561066882,-0.04851982724426326,-0.22809960630406362,0.12376941433467405,0.5845347509023222,0.7405169321684448
qwen3_4b,steer_actions,fake,baseline_seed1,0.0,149,density_nontest,example-testing,0.3086621745238981,0.2862640238618894,-0.02239815066200866,-0.11745830289540653,0.07228264374078806,0.6581961077836119,0.6292067681923794
qwen3_4b,steer_actions,fake,baseline_seed1,0.0,149,density_nontest,uncertainty-estimation,0.5449032357197199,0.5258266324050115,-0.019076603314708254,-0.12932356224433403,0.0948711357984666,0.7401299242530388,0.7635893277169716
qwen3_4b,steer_actions,fake,baseline_seed1,0.0,149,density_nontest,backtracking,0.27478958352884825,0.2658428107604478,-0.008946772768400392,-0.07314550174824797,0.051983403441270615,0.778736831658663,0.5382993784403112
qwen3_4b,steer_actions,fake,baseline_seed1,0.0,149,words,,345.2281879194631,331.66442953020135,-13.563758389261745,-60.59781879194631,31.52231543624158,0.5838627361006388,0.3832288950047247
qwen3_4b,steer_actions,fake,baseline_seed1,0.0,149,n_spans_counted,,24.06040268456376,23.812080536912752,-0.2483221476510067,-3.362751677852349,2.77214765100671,0.879306089804753,0.5872529243209609
qwen3_4b,steer_actions,fake,prompt_test,0.0,149,density,initializing,0.6555156727806019,0.6275706466010814,-0.02794502617952051,-0.11355951449737156,0.05912816411376335,0.5353211674097021,0.7666863991595305
qwen3_4b,steer_actions,fake,prompt_test,0.0,149,density,deduction,3.8434546154919462,3.98266576089825,0.13921114540630458,-0.11085317019415604,0.4012427341335454,0.27992689490048195,0.2496207854944975
qwen3_4b,steer_actions,fake,prompt_test,0.0,149,density,adding-knowledge,1.7057856412103216,1.6082939037031962,-0.0974917375071254,-0.27747643839079944,0.08351505852738526,0.30416153597357737,0.3384988850306212
qwen3_4b,steer_actions,fake,prompt_test,0.0,149,density,example-testing,0.31224159286841713,0.2996486189217237,-0.01259297394669343,-0.10303770719616251,0.07936244902271745,0.7871017137227174,0.9336334185355158
qwen3_4b,steer_actions,fake,prompt_test,0.0,149,density,uncertainty-estimation,0.6064632283561479,0.6233594068449431,0.016896178488795315,-0.10485549462427947,0.13351761566395148,0.787347869416223,0.7291909072417493
qwen3_4b,steer_actions,fake,prompt_test,0.0,149,density,backtracking,0.27885655324822356,0.3120103522084508,0.033153798960227236,-0.0434640218955094,0.1052343676166239,0.3792767986306208,0.667391355444666
qwen3_4b,steer_actions,fake,prompt_test,0.0,149,coverage,initializing,0.11856491824365388,0.11205660917815866,-0.00650830906549523,-0.019230584096246388,0.006189051994494146,0.31065073887231176,0.3703175003718371
qwen3_4b,steer_actions,fake,prompt_test,0.0,149,coverage,deduction,0.47543687958404696,0.4979016470099451,0.022464767425898133,-0.004955603444380787,0.04857127571456851,0.09121673598458659,0.061026610629165715
qwen3_4b,steer_actions,fake,prompt_test,0.0,149,coverage,adding-knowledge,0.23276136044242732,0.21008050521273028,-0.02268085522969703,-0.04523270800902159,0.0014433860440180534,0.05505942091038176,0.11339820432211953
qwen3_4b,steer_actions,fake,prompt_test,0.0,149,coverage,example-testing,0.048402524728624455,0.042606032097721416,-0.005796492630903042,-0.018822891414238593,0.007971914824927222,0.4152235873480656,0.501896731670362
qwen3_4b,steer_actions,fake,prompt_test,0.0,149,coverage,uncertainty-estimation,0.07994356445142115,0.08529950534692671,0.005355940895505547,-0.01282516122960027,0.02213569479350588,0.558452741527931,0.3399364894417104
qwen3_4b,steer_actions,fake,prompt_test,0.0,149,coverage,backtracking,0.04489075254982626,0.05205570115451789,0.007164948604691626,-0.006099754261069117,0.01990862451828614,0.28309661837802214,0.6782135654514224
qwen3_4b,steer_actions,fake,prompt_test,0.0,149,any,initializing,1.0,1.0,0.0,0.0,0.0,,
qwen3_4b,steer_actions,fake,prompt_test,0.0,149,any,deduction,1.0,1.0,0.0,0.0,0.0,,
qwen3_4b,steer_actions,fake,prompt_test,0.0,149,any,adding-knowledge,0.9798657718120806,0.9865771812080537,0.006711409395973154,-0.013422818791946308,0.03355704697986577,0.5654534272810476,
qwen3_4b,steer_actions,fake,prompt_test,0.0,149,any,example-testing,0.436241610738255,0.46308724832214765,0.026845637583892617,-0.0738255033557047,0.12751677852348994,0.6130970217693398,0.6114529869535043
qwen3_4b,steer_actions,fake,prompt_test,0.0,149,any,uncertainty-estimation,0.6711409395973155,0.6845637583892618,0.013422818791946308,-0.0738255033557047,0.09395973154362416,0.7587677348076152,0.7576207236833965
qwen3_4b,steer_actions,fake,prompt_test,0.0,149,any,backtracking,0.5637583892617449,0.5906040268456376,0.026845637583892617,-0.08053691275167785,0.1342281879194631,0.6187044848313803,0.6170750774519738
qwen3_4b,steer_actions,fake,prompt_test,0.0,149,density_testlex,initializing,0.004428353302235407,0.0060643687555339,0.0016360154532984936,-0.002252150804017837,0.006769928492641206,0.4714857387702473,
qwen3_4b,steer_actions,fake,prompt_test,0.0,149,density_testlex,deduction,0.1314254104559466,0.12296442476470736,-0.00846098569123925,-0.05918034521854947,0.04278418940837891,0.7438388419890734,0.6611420524122957
qwen3_4b,steer_actions,fake,prompt_test,0.0,149,density_testlex,adding-knowledge,0.015523357859370266,0.032146525193618145,0.016623167334247884,-0.0046750787981197466,0.03686957998763798,0.11770335031844131,0.15142822265625
qwen3_4b,steer_actions,fake,prompt_test,0.0,149,density_testlex,example-testing,0.0035794183445190158,0.01091915349491018,0.007339735150391163,-0.006848232501299265,0.022501396132682913,0.31443963427098093,
qwen3_4b,steer_actions,fake,prompt_test,0.0,149,density_testlex,uncertainty-estimation,0.061559992636428106,0.13629815619445756,0.07473816355802947,0.0334632265130875,0.1177665643756939,0.0012635714376705031,0.001331385885525071
qwen3_4b,steer_actions,fake,prompt_test,0.0,149,density_testlex,backtracking,0.004066969719375313,0.0,-0.004066969719375313,-0.009461206979251806,0.0,0.0912446932073824,
qwen3_4b,steer_actions,fake,prompt_test,0.0,149,density_nontest,initializing,0.6510873194783665,0.6215062778455475,-0.029581041632819004,-0.11360954916502365,0.05545528576870311,0.5082638099697218,0.7798737559897388
qwen3_4b,steer_actions,fake,prompt_test,0.0,149,density_nontest,deduction,3.7120292050359995,3.8597013361335435,0.14767213109754382,-0.11274218967810437,0.4150184601909995,0.2664539961039959,0.2574999309146524
qwen3_4b,steer_actions,fake,prompt_test,0.0,149,density_nontest,adding-knowledge,1.6902622833509513,1.5761473785095779,-0.11411490484137332,-0.2946981910220774,0.07227846072028259,0.2271301741252821,0.25073640348754234
qwen3_4b,steer_actions,fake,prompt_test,0.0,149,density_nontest,example-testing,0.3086621745238981,0.28872946542681355,-0.019932709097084597,-0.11033548931933619,0.07419960555422944,0.6677195220430676,0.7353446524084482
qwen3_4b,steer_actions,fake,prompt_test,0.0,149,density_nontest,uncertainty-estimation,0.5449032357197199,0.48706125065048556,-0.05784198506923415,-0.1844811032245766,0.06215612894082039,0.35781870877781036,0.3938939735727548
qwen3_4b,steer_actions,fake,prompt_test,0.0,149,density_nontest,backtracking,0.27478958352884825,0.3120103522084508,0.03722076867960255,-0.03810490669135175,0.10812502115105123,0.320839911156142,0.5902154343555465
qwen3_4b,steer_actions,fake,prompt_test,0.0,149,words,,345.2281879194631,344.1677852348993,-1.0604026845637584,-50.470302013422824,46.17567114093959,0.9671866175933749,0.707510945493933
qwen3_4b,steer_actions,fake,prompt_test,0.0,149,n_spans_counted,,24.06040268456376,24.34228187919463,0.28187919463087246,-2.9674496644295303,3.3565436241610693,0.8663980272083954,0.39533063200429364
qwen3_4b,steer_actions,real,aware_strong,0.2,149,density,initializing,0.6143226705511321,0.6645881539002458,0.050265483349113675,-0.05431944395455749,0.149119117293987,0.3144001220637385,0.3239380536028722
qwen3_4b,steer_actions,real,aware_strong,0.2,149,density,deduction,4.160037871122034,3.9653175700473704,-0.1947203010746639,-0.42786334482802213,0.01580240663274297,0.08788502839650619,0.09332607709262584
qwen3_4b,steer_actions,real,aware_strong,0.2,149,density,adding-knowledge,1.56968172651527,1.8112163983654253,0.24153467185015498,0.0804090204121724,0.39722677928290256,0.005806556734753395,0.015478498608519539
qwen3_4b,steer_actions,real,aware_strong,0.2,149,density,example-testing,0.24243590058771902,0.2538396418380921,0.011403741250373094,-0.06864774392489044,0.09126705618322938,0.7754793737421112,0.7414923839088455
qwen3_4b,steer_actions,real,aware_strong,0.2,149,density,uncertainty-estimation,0.7208768794902509,0.6367856756608675,-0.08409120382938344,-0.22407771850317051,0.04158793615979922,0.22949028625471946,0.31166485573450564
qwen3_4b,steer_actions,real,aware_strong,0.2,149,density,backtracking,0.2792816538193052,0.23234152580679934,-0.04694012801250584,-0.12144263801045077,0.020764701726346348,0.19212040581205933,0.33717965885833956
qwen3_4b,steer_actions,real,aware_strong,0.2,149,coverage,initializing,0.10724960273226813,0.10826445546867151,0.001014852736403377,-0.009478294137429616,0.01108459982061462,0.8462100989194522,0.8090708875314934
qwen3_4b,steer_actions,real,aware_strong,0.2,149,coverage,deduction,0.5075862463400163,0.48765664080287424,-0.019929605537141973,-0.043011361987541574,0.002053288344217335,0.10405408492667144,0.1926161959557634
qwen3_4b,steer_actions,real,aware_strong,0.2,149,coverage,adding-knowledge,0.21293079944413223,0.24919816623605318,0.03626736679192095,0.014714640487893681,0.05653692270229408,0.0016195073604501479,0.0019142725228099464
qwen3_4b,steer_actions,real,aware_strong,0.2,149,coverage,example-testing,0.03651186485368786,0.03491470999930244,-0.0015971548543854124,-0.014192930864993588,0.010704775219484167,0.7929602337695368,0.9532349992811268
qwen3_4b,steer_actions,real,aware_strong,0.2,149,coverage,uncertainty-estimation,0.09322868635509086,0.08462419961256441,-0.008604486742526452,-0.027135879520380577,0.01021338412737687,0.3798144874567711,0.3732183357908183
qwen3_4b,steer_actions,real,aware_strong,0.2,149,coverage,backtracking,0.042492800274804655,0.03534182788053415,-0.007150972394270504,-0.018910008497161374,0.0033562456753759725,0.2068770643948156,0.32852638820056534
qwen3_4b,steer_actions,real,aware_strong,0.2,149,any,initializing,1.0,1.0,0.0,0.0,0.0,,
qwen3_4b,steer_actions,real,aware_strong,0.2,149,any,deduction,1.0,1.0,0.0,0.0,0.0,,
qwen3_4b,steer_actions,real,aware_strong,0.2,149,any,adding-knowledge,0.9865771812080537,0.9865771812080537,0.0,-0.026845637583892617,0.026845637583892617,1.0,
qwen3_4b,steer_actions,real,aware_strong,0.2,149,any,example-testing,0.3624161073825503,0.3691275167785235,0.006711409395973154,-0.087248322147651,0.09395973154362416,0.8869682206853909,0.8864030063670636
qwen3_4b,steer_actions,real,aware_strong,0.2,149,any,uncertainty-estimation,0.7516778523489933,0.7449664429530202,-0.006711409395973154,-0.09395973154362416,0.0738255033557047,0.8793956521861893,0.8787937179592977
qwen3_4b,steer_actions,real,aware_strong,0.2,149,any,backtracking,0.5100671140939598,0.48322147651006714,-0.026845637583892617,-0.1342281879194631,0.08053691275167785,0.6187044848313803,0.6170750774519738
qwen3_4b,steer_actions,real,aware_strong,0.2,149,density_testlex,initializing,0.0,0.0,0.0,0.0,0.0,,
qwen3_4b,steer_actions,real,aware_strong,0.2,149,density_testlex,deduction,0.15685500742414873,0.1576300705467797,0.0007750631226308956,-0.041367771519559414,0.04639673587821965,0.9724129088679166,0.827858311603898
qwen3_4b,steer_actions,real,aware_strong,0.2,149,density_testlex,adding-knowledge,0.016174819625802896,0.022024034137380036,0.005849214511577144,-0.014686119259710419,0.028052771178885428,0.5789585203416263,0.6697998046875
qwen3_4b,steer_actions,real,aware_strong,0.2,149,density_testlex,example-testing,0.0019397136982581373,0.0020524187755269585,0.00011270507726882114,-0.005819141094774412,0.006157256326580875,0.9683253549584754,
qwen3_4b,steer_actions,real,aware_strong,0.2,149,density_testlex,uncertainty-estimation,0.13208718447944748,0.11033589585287486,-0.021751288626572652,-0.0690436127727817,0.02400816549654574,0.36767760644995745,0.3485609901209894
qwen3_4b,steer_actions,real,aware_strong,0.2,149,density_testlex,backtracking,0.0037343316481231216,0.003948211795957296,0.00021388014783417332,-0.005531381370307545,0.006903456895318028,0.944674143374652,
qwen3_4b,steer_actions,real,aware_strong,0.2,149,density_nontest,initializing,0.6143226705511321,0.6645881539002458,0.050265483349113675,-0.05431944395455749,0.149119117293987,0.3144001220637385,0.3239380536028722
qwen3_4b,steer_actions,real,aware_strong,0.2,149,density_nontest,deduction,4.003182863697885,3.807687499500589,-0.19549536419729482,-0.42494501446769534,0.01492905235199983,0.09179873325096853,0.10618741862950531
qwen3_4b,steer_actions,real,aware_strong,0.2,149,density_nontest,adding-knowledge,1.553506906889467,1.789192364228045,0.23568545733857782,0.06859605425212681,0.39593987061336816,0.008030851498102539,0.020620593956129887
qwen3_4b,steer_actions,real,aware_strong,0.2,149,density_nontest,example-testing,0.2404961868894609,0.2517872230625651,0.011291036173104275,-0.06827113600486902,0.09040774518066616,0.7755205864901505,0.7650578532429497
qwen3_4b,steer_actions,real,aware_strong,0.2,149,density_nontest,uncertainty-estimation,0.5887896950108035,0.5264497798079926,-0.06233991520281078,-0.1958464607916503,0.05475596524714777,0.3436910968791164,0.5484978226518793
qwen3_4b,steer_actions,real,aware_strong,0.2,149,density_nontest,backtracking,0.27554732217118205,0.22839331401084206,-0.04715400816034001,-0.12095580032069887,0.018422684608196415,0.18909411916179472,0.3403626383504198
qwen3_4b,steer_actions,real,aware_strong,0.2,149,words,,334.4697986577181,327.28859060402687,-7.181208053691275,-49.98372483221476,34.608053691275146,0.7515928491182369,0.6569566288343728
qwen3_4b,steer_actions,real,aware_strong,0.2,149,n_spans_counted,,24.624161073825505,23.476510067114095,-1.1476510067114094,-4.134228187919463,1.5776845637583865,0.4459224062160129,0.47523040843847575
qwen3_4b,steer_actions,real,baseline_seed1,0.0,149,density,initializing,0.6143226705511321,0.6014052023772386,-0.012917468173893549,-0.10201875113166192,0.07638232338001548,0.7741835710722532,0.5486408995154763
qwen3_4b,steer_actions,real,baseline_seed1,0.0,149,density,deduction,4.160037871122034,3.9198672839723687,-0.24017058714966438,-0.447537498639377,-0.048067561947174126,0.023890608307290468,0.032187916266285484
qwen3_4b,steer_actions,real,baseline_seed1,0.0,149,density,adding-knowledge,1.56968172651527,1.6187964518578553,0.0491147253425855,-0.11226073256330742,0.20329327832358468,0.5516351946949106,0.5373311515397878
qwen3_4b,steer_actions,real,baseline_seed1,0.0,149,density,example-testing,0.24243590058771902,0.23259385329046298,-0.009842047297256046,-0.09693542871149623,0.08660521136563586,0.8348861954894164,0.42390323850103095
qwen3_4b,steer_actions,real,baseline_seed1,0.0,149,density,uncertainty-estimation,0.7208768794902509,0.7528223134603824,0.03194543397013142,-0.09713315544288789,0.16055121195556546,0.6317547980537332,0.6718766079641099
qwen3_4b,steer_actions,real,baseline_seed1,0.0,149,density,backtracking,0.2792816538193052,0.2693723018038943,-0.00990935201541087,-0.08649948547909282,0.058969459096986684,0.7938628958381618,0.8725405013740156
qwen3_4b,steer_actions,real,baseline_seed1,0.0,149,coverage,initializing,0.10724960273226813,0.10480388414835377,-0.0024457185839143695,-0.01296226051329217,0.008167813623350324,0.6542411158209938,0.5077558297897272
qwen3_4b,steer_actions,real,baseline_seed1,0.0,149,coverage,deduction,0.5075862463400163,0.4903035696441554,-0.01728267669586081,-0.04102351183249735,0.006303093891296729,0.1660843358470502,0.16740887813447158
qwen3_4b,steer_actions,real,baseline_seed1,0.0,149,coverage,adding-knowledge,0.21293079944413223,0.22742296126928838,0.014492161825156117,-0.007314579946853931,0.03580103733522766,0.19361809912015115,0.18622489729649383
qwen3_4b,steer_actions,real,baseline_seed1,0.0,149,coverage,example-testing,0.03651186485368786,0.03454408615628557,-0.0019677786974022834,-0.013854732562183525,0.010049817509866827,0.7433608272953948,0.5557084600297337
qwen3_4b,steer_actions,real,baseline_seed1,0.0,149,coverage,uncertainty-estimation,0.09322868635509086,0.09989427852551978,0.006665592170428906,-0.011589854153543886,0.02502253332989788,0.4878523627109554,0.6021426880120386
qwen3_4b,steer_actions,real,baseline_seed1,0.0,149,coverage,backtracking,0.042492800274804655,0.043031220256397086,0.0005384199815924327,-0.011408503788943094,0.011822241968536899,0.9279184786986276,0.6809954139858487
qwen3_4b,steer_actions,real,baseline_seed1,0.0,149,any,initializing,1.0,1.0,0.0,0.0,0.0,,
qwen3_4b,steer_actions,real,baseline_seed1,0.0,149,any,deduction,1.0,1.0,0.0,0.0,0.0,,
qwen3_4b,steer_actions,real,baseline_seed1,0.0,149,any,adding-knowledge,0.9865771812080537,1.0,0.013422818791946308,0.0,0.03355704697986577,0.15799703049544492,
qwen3_4b,steer_actions,real,baseline_seed1,0.0,149,any,example-testing,0.3624161073825503,0.3221476510067114,-0.040268456375838924,-0.12080536912751678,0.040268456375838924,0.3562780249048205,0.3545394797735013
qwen3_4b,steer_actions,real,baseline_seed1,0.0,149,any,uncertainty-estimation,0.7516778523489933,0.7986577181208053,0.04697986577181208,-0.040268456375838924,0.1342281879194631,0.275759557042437,0.27429882739587585
qwen3_4b,steer_actions,real,baseline_seed1,0.0,149,any,backtracking,0.5100671140939598,0.5100671140939598,0.0,-0.11409395973154363,0.10738255033557047,1.0,1.0
qwen3_4b,steer_actions,real,baseline_seed1,0.0,149,density_testlex,initializing,0.0,0.0,0.0,0.0,0.0,,
qwen3_4b,steer_actions,real,baseline_seed1,0.0,149,density_testlex,deduction,0.15685500742414873,0.1434561108692373,-0.013398896554911457,-0.055262616535293026,0.025387685789958293,0.5244220780641947,0.6470110842805632
qwen3_4b,steer_actions,real,baseline_seed1,0.0,149,density_testlex,adding-knowledge,0.016174819625802896,0.022633905810239854,0.006459086184436958,-0.010045458809510287,0.024779233024274296,0.4772101288374395,0.5416259765625
qwen3_4b,steer_actions,real,baseline_seed1,0.0,149,density_testlex,example-testing,0.0019397136982581373,0.002214986599331074,0.00027527290107293677,-0.005819141094774412,0.0066449597979932225,0.9258839687442234,
qwen3_4b,steer_actions,real,baseline_seed1,0.0,149,density_testlex,uncertainty-estimation,0.13208718447944748,0.11703856196262603,-0.015048622516821453,-0.05921052614553021,0.028556645495152824,0.5044280271137772,0.5900762435133586
qwen3_4b,steer_actions,real,baseline_seed1,0.0,149,density_testlex,backtracking,0.0037343316481231216,0.005897073902411515,0.0021627422542883938,-0.00570299729814867,0.013611337575943877,0.6729993152140087,
qwen3_4b,steer_actions,real,baseline_seed1,0.0,149,density_nontest,initializing,0.6143226705511321,0.6014052023772386,-0.012917468173893549,-0.10201875113166192,0.07638232338001548,0.7741835710722532,0.5486408995154763
qwen3_4b,steer_actions,real,baseline_seed1,0.0,149,density_nontest,deduction,4.003182863697885,3.776411173103132,-0.22677169059475294,-0.440340872279449,-0.03152056015598262,0.036374195074178745,0.051787103504062224
qwen3_4b,steer_actions,real,baseline_seed1,0.0,149,density_nontest,adding-knowledge,1.553506906889467,1.5961625460476156,0.04265563915814853,-0.12028313052868722,0.19322768143056362,0.6007831844037675,0.5626216345324573
qwen3_4b,steer_actions,real,baseline_seed1,0.0,149,density_nontest,example-testing,0.2404961868894609,0.23037886669113192,-0.010117320198328984,-0.09542536087954787,0.08530120203044766,0.8287609900797843,0.37678072029848664
qwen3_4b,steer_actions,real,baseline_seed1,0.0,149,density_nontest,uncertainty-estimation,0.5887896950108035,0.6357837514977563,0.046994056486952894,-0.07860626224612711,0.1680647180024984,0.4681796931222148,0.5236293848958581
qwen3_4b,steer_actions,real,baseline_seed1,0.0,149,density_nontest,backtracking,0.27554732217118205,0.26347522790148287,-0.012072094269699261,-0.08887404509939899,0.059252161608401924,0.7510438198817875,0.9064960111850408
qwen3_4b,steer_actions,real,baseline_seed1,0.0,149,words,,334.4697986577181,353.8590604026846,19.389261744966444,-20.88758389261745,61.21778523489932,0.37825356347339906,0.9397255258878037
qwen3_4b,steer_actions,real,baseline_seed1,0.0,149,n_spans_counted,,24.624161073825505,24.85234899328859,0.22818791946308725,-2.684731543624161,3.0134228187919465,0.8776010315182203,0.5474199604504353
qwen3_4b,steer_actions,real,prompt_test,0.0,149,density,initializing,0.6143226705511321,0.5981460499444125,-0.016176620606719632,-0.10360908188467353,0.06826567717433286,0.7112865991348994,0.9132278460423058
qwen3_4b,steer_actions,real,prompt_test,0.0,149,density,deduction,4.160037871122034,3.9695278310920243,-0.1905100400300087,-0.40727164593299053,0.017104975050296355,0.09292705295104643,0.05311980667478113
qwen3_4b,steer_actions,real,prompt_test,0.0,149,density,adding-knowledge,1.56968172651527,1.5942341561614874,0.024552429646217153,-0.1503724957373731,0.19964916012443082,0.7912233555616135,0.9564916086489819
qwen3_4b,steer_actions,real,prompt_test,0.0,149,density,example-testing,0.24243590058771902,0.2634315364054522,0.02099563581773314,-0.05863283344768101,0.0963058980176762,0.5917933124737776,0.44211707225254926
qwen3_4b,steer_actions,real,prompt_test,0.0,149,density,uncertainty-estimation,0.7208768794902509,0.772480349501755,0.05160347001150404,-0.09337920003635686,0.18423218162401278,0.4731096913359921,0.3430179877732291
qwen3_4b,steer_actions,real,prompt_test,0.0,149,density,backtracking,0.2792816538193052,0.296693144639369,0.01741149082006385,-0.06922218761782076,0.09783630707931212,0.6815911370437191,0.6644263551860317
qwen3_4b,steer_actions,real,prompt_test,0.0,149,coverage,initializing,0.10724960273226813,0.09937568996515653,-0.007873912767111592,-0.018851969530510028,0.0032102439065265958,0.162911203692424,0.10992870942752316
qwen3_4b,steer_actions,real,prompt_test,0.0,149,coverage,deduction,0.5075862463400163,0.4924333062423818,-0.015152940097634507,-0.03910075404945423,0.009339666106815322,0.23355970291809103,0.19521735949418662
qwen3_4b,steer_actions,real,prompt_test,0.0,149,coverage,adding-knowledge,0.21293079944413223,0.21593916000338328,0.0030083605592510386,-0.022774950869941513,0.02690542217585998,0.8172168526134601,0.8223146604870566
qwen3_4b,steer_actions,real,prompt_test,0.0,149,coverage,example-testing,0.03651186485368786,0.041863593556106075,0.005351728702418219,-0.005920583325667827,0.016003688023010727,0.3410218108360184,0.20552524229031588
qwen3_4b,steer_actions,real,prompt_test,0.0,149,coverage,uncertainty-estimation,0.09322868635509086,0.10245427233826593,0.009225585983175064,-0.010276978648697357,0.02794307718029524,0.3673611078654174,0.3615176447765184
qwen3_4b,steer_actions,real,prompt_test,0.0,149,coverage,backtracking,0.042492800274804655,0.04793397789470642,0.00544117761990178,-0.008077748474839375,0.019596302423456648,0.44986482048839177,0.4888175956262514
qwen3_4b,steer_actions,real,prompt_test,0.0,149,any,initializing,1.0,1.0,0.0,0.0,0.0,,
qwen3_4b,steer_actions,real,prompt_test,0.0,149,any,deduction,1.0,1.0,0.0,0.0,0.0,,
qwen3_4b,steer_actions,real,prompt_test,0.0,149,any,adding-knowledge,0.9865771812080537,0.9865771812080537,0.0,-0.026845637583892617,0.026845637583892617,1.0,
qwen3_4b,steer_actions,real,prompt_test,0.0,149,any,example-testing,0.3624161073825503,0.4429530201342282,0.08053691275167785,-0.013422818791946308,0.16778523489932887,0.09621565835524468,0.0960923294556733
qwen3_4b,steer_actions,real,prompt_test,0.0,149,any,uncertainty-estimation,0.7516778523489933,0.8120805369127517,0.06040268456375839,-0.03355704697986577,0.1476510067114094,0.18059192926375517,0.17971249487899976
qwen3_4b,steer_actions,real,prompt_test,0.0,149,any,backtracking,0.5100671140939598,0.5906040268456376,0.08053691275167785,-0.026845637583892617,0.18791946308724833,0.15214204469416812,0.15149399240422012
qwen3_4b,steer_actions,real,prompt_test,0.0,149,density_testlex,initializing,0.0,0.0,0.0,0.0,0.0,,
qwen3_4b,steer_actions,real,prompt_test,0.0,149,density_testlex,deduction,0.15685500742414873,0.21428675616762252,0.057431748743473746,0.006230163782546214,0.10972715292625979,0.03477058794028659,0.07079319735053635
qwen3_4b,steer_actions,real,prompt_test,0.0,149,density_testlex,adding-knowledge,0.016174819625802896,0.060186771792676154,0.04401195216687326,0.01701640804058192,0.07062301782588142,0.0016012710229683113,0.004023258341476321
qwen3_4b,steer_actions,real,prompt_test,0.0,149,density_testlex,example-testing,0.0019397136982581373,0.0077188396967725,0.005779125998514362,-0.002116069608966402,0.01587884025480959,0.24340506087904754,
qwen3_4b,steer_actions,real,prompt_test,0.0,149,density_testlex,uncertainty-estimation,0.13208718447944748,0.1290195489738707,-0.003067635505576787,-0.04528628444535,0.04089593674352822,0.8912917783822483,0.8575143052821194
qwen3_4b,steer_actions,real,prompt_test,0.0,149,density_testlex,backtracking,0.0037343316481231216,0.001035711326539067,-0.002698620321584055,-0.008388098753839055,0.002071422653078134,0.3431315277515487,
qwen3_4b,steer_actions,real,prompt_test,0.0,149,density_nontest,initializing,0.6143226705511321,0.5981460499444125,-0.016176620606719632,-0.10360908188467353,0.06826567717433286,0.7112865991348994,0.9132278460423058
qwen3_4b,steer_actions,real,prompt_test,0.0,149,density_nontest,deduction,4.003182863697885,3.755241074924402,-0.24794178877348244,-0.46691496190382825,-0.03519009403193355,0.033593475553955525,0.014460265365037835
qwen3_4b,steer_actions,real,prompt_test,0.0,149,density_nontest,adding-knowledge,1.553506906889467,1.5340473843688112,-0.019459522520656067,-0.19301844991969072,0.15067871324865684,0.8315258526497288,0.6919175974357883
qwen3_4b,steer_actions,real,prompt_test,0.0,149,density_nontest,example-testing,0.2404961868894609,0.25571269670867963,0.015216509819218772,-0.06190979206475897,0.08974978744496662,0.6930281782463726,0.5556270225176123
qwen3_4b,steer_actions,real,prompt_test,0.0,149,density_nontest,uncertainty-estimation,0.5887896950108035,0.6434608005278842,0.054671105517080806,-0.0916102249329422,0.1824548666743534,0.45206508641993354,0.26445592440071597
qwen3_4b,steer_actions,real,prompt_test,0.0,149,density_nontest,backtracking,0.27554732217118205,0.29565743331282995,0.02011011114164791,-0.06623826135276589,0.10052443244164927,0.6341442400043487,0.6034229740213652
qwen3_4b,steer_actions,real,prompt_test,0.0,149,words,,334.4697986577181,354.3758389261745,19.906040268456376,-21.6748322147651,63.13926174496641,0.3670675741532602,0.15437944074099408
qwen3_4b,steer_actions,real,prompt_test,0.0,149,n_spans_counted,,24.624161073825505,25.456375838926174,0.8322147651006712,-2.040436241610738,3.6778523489932886,0.5737496948541163,0.22087592280038348
