model,family,framing,arm,signed_alpha,flip_class,n,behaviour,metric,delta_density,ci_lo,ci_hi
qwen3_4b,steer_actions,fake,baseline_seed1,0.0,gained,6,initializing,density,-0.09916467688349113,-0.2651670903325571,0.06683773656557476
qwen3_4b,steer_actions,fake,baseline_seed1,0.0,gained,6,initializing,density_nontest,-0.07120047106693632,-0.2613885421295701,0.12378326137819651
qwen3_4b,steer_actions,fake,baseline_seed1,0.0,gained,6,initializing,density_testlex,-0.027964205816554812,-0.08389261744966443,0.0
qwen3_4b,steer_actions,fake,baseline_seed1,0.0,gained,6,deduction,density,1.0326040110393213,0.286157566089224,1.8682295781176372
qwen3_4b,steer_actions,fake,baseline_seed1,0.0,gained,6,deduction,density_nontest,1.009805921791743,0.07622411439965604,2.0329745675692634
qwen3_4b,steer_actions,fake,baseline_seed1,0.0,gained,6,deduction,density_testlex,0.022798089247578163,-0.20544185681800356,0.22286772496848528
qwen3_4b,steer_actions,fake,baseline_seed1,0.0,gained,6,adding-knowledge,density,-1.206475067689866,-2.0503984067918695,-0.3043158964239047
qwen3_4b,steer_actions,fake,baseline_seed1,0.0,gained,6,adding-knowledge,density_nontest,-1.2129618346851954,-2.0503984067918695,-0.31080266341923424
qwen3_4b,steer_actions,fake,baseline_seed1,0.0,gained,6,adding-knowledge,density_testlex,0.006486766995329528,0.0,0.019460300985988582
qwen3_4b,steer_actions,fake,baseline_seed1,0.0,gained,6,example-testing,density,0.11534025374855823,0.0,0.3460207612456747
qwen3_4b,steer_actions,fake,baseline_seed1,0.0,gained,6,example-testing,density_nontest,0.11534025374855823,0.0,0.3460207612456747
qwen3_4b,steer_actions,fake,baseline_seed1,0.0,gained,6,example-testing,density_testlex,0.0,0.0,0.0
qwen3_4b,steer_actions,fake,baseline_seed1,0.0,gained,6,uncertainty-estimation,density,0.177884516116402,-0.1301484475180515,0.4329691113176722
qwen3_4b,steer_actions,fake,baseline_seed1,0.0,gained,6,uncertainty-estimation,density_nontest,0.09289372712873108,-0.1755950979700262,0.36677188328662697
qwen3_4b,steer_actions,fake,baseline_seed1,0.0,gained,6,uncertainty-estimation,density_testlex,0.08499078898767086,-0.2615354851943015,0.38358570627387484
qwen3_4b,steer_actions,fake,baseline_seed1,0.0,gained,6,backtracking,density,-0.2981984042081053,-0.6266652643074943,-0.05186910329547888
qwen3_4b,steer_actions,fake,baseline_seed1,0.0,gained,6,backtracking,density_nontest,-0.27023419839155044,-0.5427726468578299,-0.05186910329547888
qwen3_4b,steer_actions,fake,baseline_seed1,0.0,gained,6,backtracking,density_testlex,-0.027964205816554812,-0.08389261744966443,0.0
qwen3_4b,steer_actions,fake,baseline_seed1,0.0,lost,5,initializing,density,0.32950836214043383,0.1574087969906766,0.4726063676932125
qwen3_4b,steer_actions,fake,baseline_seed1,0.0,lost,5,initializing,density_nontest,0.32950836214043383,0.1574087969906766,0.4726063676932125
qwen3_4b,steer_actions,fake,baseline_seed1,0.0,lost,5,initializing,density_testlex,0.0,0.0,0.0
qwen3_4b,steer_actions,fake,baseline_seed1,0.0,lost,5,deduction,density,-0.5155979382626581,-1.770760904859022,0.8500303118537245
qwen3_4b,steer_actions,fake,baseline_seed1,0.0,lost,5,deduction,density_nontest,-0.7289983213974172,-2.13711885792451,0.7373202876687346
qwen3_4b,steer_actions,fake,baseline_seed1,0.0,lost,5,deduction,density_testlex,0.21340038313475893,-0.09961807359603306,0.5385677934665638
qwen3_4b,steer_actions,fake,baseline_seed1,0.0,lost,5,adding-knowledge,density,0.5336626460817346,-0.061370491016145313,1.1228194571135566
qwen3_4b,steer_actions,fake,baseline_seed1,0.0,lost,5,adding-knowledge,density_nontest,0.4649341237449649,-0.20396722878512352,1.1228194571135566
qwen3_4b,steer_actions,fake,baseline_seed1,0.0,lost,5,adding-knowledge,density_testlex,0.06872852233676977,0.0,0.20618556701030927
qwen3_4b,steer_actions,fake,baseline_seed1,0.0,lost,5,example-testing,density,-0.07662835249042146,-0.22988505747126436,0.0
qwen3_4b,steer_actions,fake,baseline_seed1,0.0,lost,5,example-testing,density_nontest,-0.07662835249042146,-0.22988505747126436,0.0
qwen3_4b,steer_actions,fake,baseline_seed1,0.0,lost,5,example-testing,density_testlex,0.0,0.0,0.0
qwen3_4b,steer_actions,fake,baseline_seed1,0.0,lost,5,uncertainty-estimation,density,-0.1996745698276635,-0.8844285866816313,0.3798703325745363
qwen3_4b,steer_actions,fake,baseline_seed1,0.0,lost,5,uncertainty-estimation,density_nontest,-0.23073047044878153,-0.9154844873027492,0.32349116704202974
qwen3_4b,steer_actions,fake,baseline_seed1,0.0,lost,5,uncertainty-estimation,density_testlex,0.03105590062111801,0.0,0.09316770186335403
qwen3_4b,steer_actions,fake,baseline_seed1,0.0,lost,5,backtracking,density,-0.14639029578489549,-0.3597835115076494,0.1305743099767178
qwen3_4b,steer_actions,fake,baseline_seed1,0.0,lost,5,backtracking,density_nontest,-0.14639029578489549,-0.3597835115076494,0.1305743099767178
qwen3_4b,steer_actions,fake,baseline_seed1,0.0,lost,5,backtracking,density_testlex,0.0,0.0,0.0
qwen3_4b,steer_actions,fake,baseline_seed1,0.0,comply_both,119,initializing,density,0.020317794824131687,-0.10150815138540803,0.15066700711597836
qwen3_4b,steer_actions,fake,baseline_seed1,0.0,comply_both,119,initializing,density_nontest,0.017800749683544646,-0.10401453263109488,0.14704953523162587
qwen3_4b,steer_actions,fake,baseline_seed1,0.0,comply_both,119,initializing,density_testlex,0.002517045140587041,0.0,0.006763526995130919
qwen3_4b,steer_actions,fake,baseline_seed1,0.0,comply_both,119,deduction,density,0.267966229024616,0.01660480803402901,0.5431452991120409
qwen3_4b,steer_actions,fake,baseline_seed1,0.0,comply_both,119,deduction,density_nontest,0.28846022283528405,0.03824294085920458,0.5746942531322273
qwen3_4b,steer_actions,fake,baseline_seed1,0.0,comply_both,119,deduction,density_testlex,-0.02049399381066802,-0.07198710710202447,0.032420869590891806
qwen3_4b,steer_actions,fake,baseline_seed1,0.0,comply_both,119,adding-knowledge,density,-0.044584279730712294,-0.23856894989591418,0.1387000178678921
qwen3_4b,steer_actions,fake,baseline_seed1,0.0,comply_both,119,adding-knowledge,density_nontest,-0.038023409382033996,-0.2346597094165185,0.14692350761751316
qwen3_4b,steer_actions,fake,baseline_seed1,0.0,comply_both,119,adding-knowledge,density_testlex,-0.006560870348678303,-0.022859451903819775,0.009667963602210143
qwen3_4b,steer_actions,fake,baseline_seed1,0.0,comply_both,119,example-testing,density,-0.029703937205951825,-0.15165383114900904,0.0879011793049024
qwen3_4b,steer_actions,fake,baseline_seed1,0.0,comply_both,119,example-testing,density_nontest,-0.02522214448886499,-0.14856186772179336,0.09267544905248107
qwen3_4b,steer_actions,fake,baseline_seed1,0.0,comply_both,119,example-testing,density_testlex,-0.004481792717086834,-0.013445378151260505,0.0
qwen3_4b,steer_actions,fake,baseline_seed1,0.0,comply_both,119,uncertainty-estimation,density,0.04101411785241499,-0.09925417273412625,0.17427832888128042
qwen3_4b,steer_actions,fake,baseline_seed1,0.0,comply_both,119,uncertainty-estimation,density_nontest,0.013605454567564835,-0.11256935944817867,0.14711853649588175
qwen3_4b,steer_actions,fake,baseline_seed1,0.0,comply_both,119,uncertainty-estimation,density_testlex,0.027408663284850168,-0.012216892987816577,0.06786962827884874
qwen3_4b,steer_actions,fake,baseline_seed1,0.0,comply_both,119,backtracking,density,0.02529338049320308,-0.03683468576049049,0.08798863427787888
qwen3_4b,steer_actions,fake,baseline_seed1,0.0,comply_both,119,backtracking,density_nontest,0.026764265859175775,-0.03676900688297614,0.08877837179256552
qwen3_4b,steer_actions,fake,baseline_seed1,0.0,comply_both,119,backtracking,density_testlex,-0.0014708853659726958,-0.00816408896320106,0.005192832752853782
qwen3_4b,steer_actions,fake,baseline_seed1,0.0,refuse_both,11,initializing,density,0.20049199210055563,-0.1695407413767872,0.6689032459990752
qwen3_4b,steer_actions,fake,baseline_seed1,0.0,refuse_both,11,initializing,density_nontest,0.18001697162553512,-0.1695407413767872,0.6074781845740139
qwen3_4b,steer_actions,fake,baseline_seed1,0.0,refuse_both,11,initializing,density_testlex,0.020475020475020474,0.0,0.06142506142506143
qwen3_4b,steer_actions,fake,baseline_seed1,0.0,refuse_both,11,deduction,density,0.3965710736751008,-0.29718000428392954,1.0760860763848656
qwen3_4b,steer_actions,fake,baseline_seed1,0.0,refuse_both,11,deduction,density_nontest,0.5146136240928161,-0.2486676991242997,1.229343382221551
qwen3_4b,steer_actions,fake,baseline_seed1,0.0,refuse_both,11,deduction,density_testlex,-0.11804255041771516,-0.3122338498910333,0.05977853367680192
qwen3_4b,steer_actions,fake,baseline_seed1,0.0,refuse_both,11,adding-knowledge,density,-0.22671216348437692,-0.7442263676409885,0.293768494623562
qwen3_4b,steer_actions,fake,baseline_seed1,0.0,refuse_both,11,adding-knowledge,density_nontest,-0.16806113709141507,-0.7184471016877977,0.37489462783920563
qwen3_4b,steer_actions,fake,baseline_seed1,0.0,refuse_both,11,adding-knowledge,density_testlex,-0.05865102639296187,-0.17595307917888564,0.0
qwen3_4b,steer_actions,fake,baseline_seed1,0.0,refuse_both,11,example-testing,density,0.03607503607503607,0.0,0.10822510822510822
qwen3_4b,steer_actions,fake,baseline_seed1,0.0,refuse_both,11,example-testing,density_nontest,0.03607503607503607,0.0,0.10822510822510822
qwen3_4b,steer_actions,fake,baseline_seed1,0.0,refuse_both,11,example-testing,density_testlex,0.0,0.0,0.0
qwen3_4b,steer_actions,fake,baseline_seed1,0.0,refuse_both,11,uncertainty-estimation,density,-0.019288639835373936,-0.36231770340902836,0.31667747554358494
qwen3_4b,steer_actions,fake,baseline_seed1,0.0,refuse_both,11,uncertainty-estimation,density_nontest,-0.021647340622981313,-0.2630214579555818,0.22523709868093106
qwen3_4b,steer_actions,fake,baseline_seed1,0.0,refuse_both,11,uncertainty-estimation,density_testlex,0.00235870078760738,-0.18504717175100238,0.18976457332621716
qwen3_4b,steer_actions,fake,baseline_seed1,0.0,refuse_both,11,backtracking,density,0.03310254760550728,-0.30460460742043055,0.37353804176355154
qwen3_4b,steer_actions,fake,baseline_seed1,0.0,refuse_both,11,backtracking,density_nontest,0.0126275271304868,-0.30460460742043055,0.31399447648867906
qwen3_4b,steer_actions,fake,baseline_seed1,0.0,refuse_both,11,backtracking,density_testlex,0.020475020475020474,0.0,0.06142506142506143
qwen3_4b,steer_actions,fake,baseline_seed1,0.0,same,130,initializing,density,0.03556330382444448,-0.08473477565944779,0.15733315276332352
qwen3_4b,steer_actions,fake,baseline_seed1,0.0,same,130,initializing,density_nontest,0.031526737694020764,-0.08820967853842696,0.152054059489182
qwen3_4b,steer_actions,fake,baseline_seed1,0.0,same,130,initializing,density_testlex,0.004036566130423716,0.0,0.009656232022084845
qwen3_4b,steer_actions,fake,baseline_seed1,0.0,same,130,deduction,density,0.27884817741811857,0.03206121068993331,0.541899574659268
qwen3_4b,steer_actions,fake,baseline_seed1,0.0,same,130,deduction,density_nontest,0.30759627986476756,0.0567036020881686,0.5759865921065905
qwen3_4b,steer_actions,fake,baseline_seed1,0.0,same,130,deduction,density_testlex,-0.02874810244664894,-0.07825322375512347,0.020857283794967485
qwen3_4b,steer_actions,fake,baseline_seed1,0.0,same,130,adding-knowledge,density,-0.0599951006637147,-0.24676307767054925,0.11889727292016011
qwen3_4b,steer_actions,fake,baseline_seed1,0.0,same,130,adding-knowledge,density_nontest,-0.04902660172667393,-0.23697332454939057,0.13199131509084364
qwen3_4b,steer_actions,fake,baseline_seed1,0.0,same,130,adding-knowledge,density_testlex,-0.01096849893704076,-0.03005702907592746,0.0047779761784526
qwen3_4b,steer_actions,fake,baseline_seed1,0.0,same,130,example-testing,density,-0.024138024082175927,-0.13459090242678404,0.08403760358406905
qwen3_4b,steer_actions,fake,baseline_seed1,0.0,same,130,example-testing,density_nontest,-0.020035459979611814,-0.12980269464006242,0.08850452049511702
qwen3_4b,steer_actions,fake,baseline_seed1,0.0,same,130,example-testing,density_testlex,-0.0041025641025641026,-0.012307692307692308,0.0
qwen3_4b,steer_actions,fake,baseline_seed1,0.0,same,130,uncertainty-estimation,density,0.03591157681729439,-0.09970105703210888,0.1521763696367109
qwen3_4b,steer_actions,fake,baseline_seed1,0.0,same,130,uncertainty-estimation,density_nontest,0.010622525743749374,-0.1194372008238293,0.12732414895026195
qwen3_4b,steer_actions,fake,baseline_seed1,0.0,same,130,uncertainty-estimation,density_testlex,0.025289051073545003,-0.012998108352602537,0.06490120820961945
qwen3_4b,steer_actions,fake,baseline_seed1,0.0,same,130,backtracking,density,0.025954156171936513,-0.03872237576198736,0.09089483116793333
qwen3_4b,steer_actions,fake,baseline_seed1,0.0,same,130,backtracking,density_nontest,0.025568080274440557,-0.03768853393550591,0.09008518700913754
qwen3_4b,steer_actions,fake,baseline_seed1,0.0,same,130,backtracking,density_testlex,0.0003860758974959571,-0.006741434665962968,0.007486595907648538
qwen3_4b,steer_actions,real,ask_bt_neg,0.0,gained,13,initializing,density,-0.21786534977493957,-0.4566556135973319,-0.00016262223383436644
qwen3_4b,steer_actions,real,ask_bt_neg,0.0,gained,13,initializing,density_nontest,-0.21786534977493957,-0.4566556135973319,-0.00016262223383436644
qwen3_4b,steer_actions,real,ask_bt_neg,0.0,gained,13,initializing,density_testlex,0.0,0.0,0.0
qwen3_4b,steer_actions,real,ask_bt_neg,0.0,gained,13,deduction,density,0.9353191214118382,0.11517759062906958,1.9477584192827135
qwen3_4b,steer_actions,real,ask_bt_neg,0.0,gained,13,deduction,density_nontest,1.1178765060710452,0.2781337572246839,2.145447926958412
qwen3_4b,steer_actions,real,ask_bt_neg,0.0,gained,13,deduction,density_testlex,-0.1825573846592065,-0.29803152832895574,-0.06509192487445745
qwen3_4b,steer_actions,real,ask_bt_neg,0.0,gained,13,adding-knowledge,density,-0.40497369245557086,-0.75306370069651,-0.02557064000543115
qwen3_4b,steer_actions,real,ask_bt_neg,0.0,gained,13,adding-knowledge,density_nontest,-0.4767536518247753,-0.808687375632609,-0.11662898843490013
qwen3_4b,steer_actions,real,ask_bt_neg,0.0,gained,13,adding-knowledge,density_testlex,0.0717799593692044,0.0,0.177446736766196
qwen3_4b,steer_actions,real,ask_bt_neg,0.0,gained,13,example-testing,density,0.031810294968189705,0.0,0.07518796992481203
qwen3_4b,steer_actions,real,ask_bt_neg,0.0,gained,13,example-testing,density_nontest,0.031810294968189705,0.0,0.07518796992481203
qwen3_4b,steer_actions,real,ask_bt_neg,0.0,gained,13,example-testing,density_testlex,0.0,0.0,0.0
qwen3_4b,steer_actions,real,ask_bt_neg,0.0,gained,13,uncertainty-estimation,density,0.3075629266841693,-0.1065786208405296,0.7320602944659756
qwen3_4b,steer_actions,real,ask_bt_neg,0.0,gained,13,uncertainty-estimation,density_nontest,0.4060178486801006,-0.035350946460679364,0.8838031982558859
qwen3_4b,steer_actions,real,ask_bt_neg,0.0,gained,13,uncertainty-estimation,density_testlex,-0.09845492199593128,-0.28843067645233744,0.09355017677853936
qwen3_4b,steer_actions,real,ask_bt_neg,0.0,gained,13,backtracking,density,-0.13231256450790163,-0.2984784889642173,0.03959419164037678
qwen3_4b,steer_actions,real,ask_bt_neg,0.0,gained,13,backtracking,density_nontest,-0.13231256450790163,-0.2984784889642173,0.03959419164037678
qwen3_4b,steer_actions,real,ask_bt_neg,0.0,gained,13,backtracking,density_testlex,0.0,0.0,0.0
qwen3_4b,steer_actions,real,ask_bt_neg,0.0,lost,6,initializing,density,-0.1485820819088263,-0.48556147681560047,0.1620818287685278
qwen3_4b,steer_actions,real,ask_bt_neg,0.0,lost,6,initializing,density_nontest,-0.1485820819088263,-0.48556147681560047,0.1620818287685278
qwen3_4b,steer_actions,real,ask_bt_neg,0.0,lost,6,initializing,density_testlex,0.0,0.0,0.0
qwen3_4b,steer_actions,real,ask_bt_neg,0.0,lost,6,deduction,density,-0.5798736023122042,-1.4472813189505558,0.294335485390337
qwen3_4b,steer_actions,real,ask_bt_neg,0.0,lost,6,deduction,density_nontest,-0.7273352158901029,-1.578487592059259,0.15162322188306207
qwen3_4b,steer_actions,real,ask_bt_neg,0.0,lost,6,deduction,density_testlex,0.14746161357789875,0.035471458866225054,0.2881085896679128
qwen3_4b,steer_actions,real,ask_bt_neg,0.0,lost,6,adding-knowledge,density,0.07965056288920314,-0.6266848488915734,0.7212364028281124
qwen3_4b,steer_actions,real,ask_bt_neg,0.0,lost,6,adding-knowledge,density_nontest,0.07965056288920314,-0.6266848488915734,0.7212364028281124
qwen3_4b,steer_actions,real,ask_bt_neg,0.0,lost,6,adding-knowledge,density_testlex,0.0,0.0,0.0
qwen3_4b,steer_actions,real,ask_bt_neg,0.0,lost,6,example-testing,density,0.024061253221806304,-0.18624924495600256,0.2416229971532429
qwen3_4b,steer_actions,real,ask_bt_neg,0.0,lost,6,example-testing,density_nontest,0.024061253221806304,-0.18624924495600256,0.2416229971532429
qwen3_4b,steer_actions,real,ask_bt_neg,0.0,lost,6,example-testing,density_testlex,0.0,0.0,0.0
qwen3_4b,steer_actions,real,ask_bt_neg,0.0,lost,6,uncertainty-estimation,density,0.08583756263209678,-0.40028952643019106,0.5706005557623847
qwen3_4b,steer_actions,real,ask_bt_neg,0.0,lost,6,uncertainty-estimation,density_nontest,0.13823956598028297,-0.30222497591010855,0.5282821312527771
qwen3_4b,steer_actions,real,ask_bt_neg,0.0,lost,6,uncertainty-estimation,density_testlex,-0.052402003348186184,-0.26362038664323373,0.10641437659867518
qwen3_4b,steer_actions,real,ask_bt_neg,0.0,lost,6,backtracking,density,0.03718565774538105,-0.23232695901409425,0.304936442634418
qwen3_4b,steer_actions,real,ask_bt_neg,0.0,lost,6,backtracking,density_nontest,0.03718565774538105,-0.23232695901409425,0.304936442634418
qwen3_4b,steer_actions,real,ask_bt_neg,0.0,lost,6,backtracking,density_testlex,0.0,0.0,0.0
qwen3_4b,steer_actions,real,ask_bt_neg,0.0,comply_both,93,initializing,density,-0.0021505005890894787,-0.10065124627723711,0.10398505307544938
qwen3_4b,steer_actions,real,ask_bt_neg,0.0,comply_both,93,initializing,density_nontest,-0.0021505005890894787,-0.10065124627723711,0.10398505307544938
qwen3_4b,steer_actions,real,ask_bt_neg,0.0,comply_both,93,initializing,density_testlex,0.0,0.0,0.0
qwen3_4b,steer_actions,real,ask_bt_neg,0.0,comply_both,93,deduction,density,-0.11505996053694274,-0.4093870414766019,0.17780022599016534
qwen3_4b,steer_actions,real,ask_bt_neg,0.0,comply_both,93,deduction,density_nontest,-0.08737000045150103,-0.39917311045801857,0.21249455473642495
qwen3_4b,steer_actions,real,ask_bt_neg,0.0,comply_both,93,deduction,density_testlex,-0.027689960085441737,-0.07976880433912993,0.02480610615369415
qwen3_4b,steer_actions,real,ask_bt_neg,0.0,comply_both,93,adding-knowledge,density,0.029701695337730715,-0.1527900241327508,0.209196108221644
qwen3_4b,steer_actions,real,ask_bt_neg,0.0,comply_both,93,adding-knowledge,density_nontest,0.038916285864392136,-0.14372558903062713,0.21946019928040694
qwen3_4b,steer_actions,real,ask_bt_neg,0.0,comply_both,93,adding-knowledge,density_testlex,-0.009214590526661428,-0.02877024432647306,0.008064391352684263
qwen3_4b,steer_actions,real,ask_bt_neg,0.0,comply_both,93,example-testing,density,0.02613319696473625,-0.07733692519979309,0.13109051691987536
qwen3_4b,steer_actions,real,ask_bt_neg,0.0,comply_both,93,example-testing,density_nontest,0.02613319696473624,-0.07577986486705063,0.13056955621029484
qwen3_4b,steer_actions,real,ask_bt_neg,0.0,comply_both,93,example-testing,density_testlex,0.0,-0.009323140033563306,0.009323140033563306
qwen3_4b,steer_actions,real,ask_bt_neg,0.0,comply_both,93,uncertainty-estimation,density,-0.051421240734166186,-0.21524304669765965,0.09853052662032315
qwen3_4b,steer_actions,real,ask_bt_neg,0.0,comply_both,93,uncertainty-estimation,density_nontest,-0.0502308740174837,-0.2066369789248344,0.09400840985147296
qwen3_4b,steer_actions,real,ask_bt_neg,0.0,comply_both,93,uncertainty-estimation,density_testlex,-0.0011903667166824608,-0.053109480566260144,0.048550087039711975
qwen3_4b,steer_actions,real,ask_bt_neg,0.0,comply_both,93,backtracking,density,-0.009008105184858513,-0.1054152376125334,0.07451339707961974
qwen3_4b,steer_actions,real,ask_bt_neg,0.0,comply_both,93,backtracking,density_nontest,-0.006106143203342959,-0.10215425855510366,0.07632027364118327
qwen3_4b,steer_actions,real,ask_bt_neg,0.0,comply_both,93,backtracking,density_testlex,-0.0029019619815155583,-0.012040813949037485,0.006288963216590538
qwen3_4b,steer_actions,real,ask_bt_neg,0.0,refuse_both,26,initializing,density,0.10580846082290646,-0.006801234286137428,0.22445220327971285
qwen3_4b,steer_actions,real,ask_bt_neg,0.0,refuse_both,26,initializing,density_nontest,0.10580846082290646,-0.006801234286137428,0.22445220327971285
qwen3_4b,steer_actions,real,ask_bt_neg,0.0,refuse_both,26,initializing,density_testlex,0.0,0.0,0.0
qwen3_4b,steer_actions,real,ask_bt_neg,0.0,refuse_both,26,deduction,density,-0.021907650639021413,-0.42833181794164227,0.3753237708574706
qwen3_4b,steer_actions,real,ask_bt_neg,0.0,refuse_both,26,deduction,density_nontest,-0.15978948251038225,-0.5763708105993217,0.26637200303200903
qwen3_4b,steer_actions,real,ask_bt_neg,0.0,refuse_both,26,deduction,density_testlex,0.1378818318713609,0.011839545641463363,0.268353103098747
qwen3_4b,steer_actions,real,ask_bt_neg,0.0,refuse_both,26,adding-knowledge,density,0.13203107452329188,-0.2021173531831041,0.5068221400747445
qwen3_4b,steer_actions,real,ask_bt_neg,0.0,refuse_both,26,adding-knowledge,density_nontest,0.1585361010283184,-0.18224629535429807,0.5388830876118218
qwen3_4b,steer_actions,real,ask_bt_neg,0.0,refuse_both,26,adding-knowledge,density_testlex,-0.026505026505026508,-0.06786006786006787,0.0
qwen3_4b,steer_actions,real,ask_bt_neg,0.0,refuse_both,26,example-testing,density,0.014736221632773357,0.0,0.044208664898320066
qwen3_4b,steer_actions,real,ask_bt_neg,0.0,refuse_both,26,example-testing,density_nontest,0.0,0.0,0.0
qwen3_4b,steer_actions,real,ask_bt_neg,0.0,refuse_both,26,example-testing,density_testlex,0.014736221632773357,0.0,0.044208664898320066
qwen3_4b,steer_actions,real,ask_bt_neg,0.0,refuse_both,26,uncertainty-estimation,density,-0.21166215141520267,-0.47671000807362257,0.03547173871737602
qwen3_4b,steer_actions,real,ask_bt_neg,0.0,refuse_both,26,uncertainty-estimation,density_nontest,-0.07818952823640944,-0.3158854397610721,0.14555914634113676
qwen3_4b,steer_actions,real,ask_bt_neg,0.0,refuse_both,26,uncertainty-estimation,density_testlex,-0.13347262317879324,-0.21715360365618472,-0.04727294902686894
qwen3_4b,steer_actions,real,ask_bt_neg,0.0,refuse_both,26,backtracking,density,0.010636385204719793,-0.19795045744355622,0.19238403566635517
qwen3_4b,steer_actions,real,ask_bt_neg,0.0,refuse_both,26,backtracking,density_nontest,-0.002490419730958862,-0.21315810473970662,0.17890268277981863
qwen3_4b,steer_actions,real,ask_bt_neg,0.0,refuse_both,26,backtracking,density_testlex,0.013126804935678657,0.0,0.039380414807035975
qwen3_4b,steer_actions,real,ask_bt_neg,0.0,same,119,initializing,density,0.02143717165218695,-0.06389301476288027,0.10630719940711024
qwen3_4b,steer_actions,real,ask_bt_neg,0.0,same,119,initializing,density_nontest,0.02143717165218695,-0.06389301476288027,0.10630719940711024
qwen3_4b,steer_actions,real,ask_bt_neg,0.0,same,119,initializing,density_testlex,0.0,0.0,0.0
qwen3_4b,steer_actions,real,ask_bt_neg,0.0,same,119,deduction,density,-0.0947073550130272,-0.35908149927498717,0.14644565345364524
qwen3_4b,steer_actions,real,ask_bt_neg,0.0,same,119,deduction,density_nontest,-0.1031927444307524,-0.37714090803729716,0.14326989583935107
qwen3_4b,steer_actions,real,ask_bt_neg,0.0,same,119,deduction,density_testlex,0.008485389417725234,-0.039170027543825446,0.058550405725241346
qwen3_4b,steer_actions,real,ask_bt_neg,0.0,same,119,adding-knowledge,density,0.05205937482365162,-0.11389664279747724,0.22410709030460427
qwen3_4b,steer_actions,real,ask_bt_neg,0.0,same,119,adding-knowledge,density_nontest,0.06505170766491382,-0.097662922423256,0.2340804880743727
qwen3_4b,steer_actions,real,ask_bt_neg,0.0,same,119,adding-knowledge,density_testlex,-0.012992332841262201,-0.030722259121908665,0.002179252312827356
qwen3_4b,steer_actions,real,ask_bt_neg,0.0,same,119,example-testing,density,0.02364310151405528,-0.06034831841114403,0.10863567249839581
qwen3_4b,steer_actions,real,ask_bt_neg,0.0,same,119,example-testing,density_nontest,0.020423422837987145,-0.061507117939532716,0.10356622587259959
qwen3_4b,steer_actions,real,ask_bt_neg,0.0,same,119,example-testing,density_testlex,0.0032196786760681287,-0.004857434303201049,0.012107527217916494
qwen3_4b,steer_actions,real,ask_bt_neg,0.0,same,119,uncertainty-estimation,density,-0.08643185987456072,-0.22081819297624633,0.04208288737103049
qwen3_4b,steer_actions,real,ask_bt_neg,0.0,same,119,uncertainty-estimation,density_nontest,-0.05633948754430783,-0.17780762171018472,0.0723002841801764
qwen3_4b,steer_actions,real,ask_bt_neg,0.0,same,119,uncertainty-estimation,density_testlex,-0.030092372330252887,-0.07662123435123805,0.016194723416445955
qwen3_4b,steer_actions,real,ask_bt_neg,0.0,same,119,backtracking,density,-0.004716031654362418,-0.0915156464940555,0.07038141848554302
qwen3_4b,steer_actions,real,ask_bt_neg,0.0,same,119,backtracking,density_nontest,-0.005316153200973328,-0.09498891354693466,0.06976460274647044
qwen3_4b,steer_actions,real,ask_bt_neg,0.0,same,119,backtracking,density_testlex,0.0006001215466109089,-0.009292991302696594,0.011011964170355742
qwen3_4b,steer_actions,real,ask_bt_pos,0.0,gained,9,initializing,density,-0.008346807888933475,-0.2804079046635309,0.2997191708001512
qwen3_4b,steer_actions,real,ask_bt_pos,0.0,gained,9,initializing,density_nontest,-0.008346807888933475,-0.2804079046635309,0.2997191708001512
qwen3_4b,steer_actions,real,ask_bt_pos,0.0,gained,9,initializing,density_testlex,0.0,0.0,0.0
qwen3_4b,steer_actions,real,ask_bt_pos,0.0,gained,9,deduction,density,-0.7362835399713745,-1.9967186203143297,0.3183547143722028
qwen3_4b,steer_actions,real,ask_bt_pos,0.0,gained,9,deduction,density_nontest,-0.6380012991096135,-1.7569829993234662,0.3633689299347762
qwen3_4b,steer_actions,real,ask_bt_pos,0.0,gained,9,deduction,density_testlex,-0.09828224086176118,-0.3240065740542357,0.12729055387771174
qwen3_4b,steer_actions,real,ask_bt_pos,0.0,gained,9,adding-knowledge,density,-1.043390816267296,-1.431106799395518,-0.6499583879165057
qwen3_4b,steer_actions,real,ask_bt_pos,0.0,gained,9,adding-knowledge,density_nontest,-1.0097207825972623,-1.4021028985560104,-0.6159395611853297
qwen3_4b,steer_actions,real,ask_bt_pos,0.0,gained,9,adding-knowledge,density_testlex,-0.03367003367003367,-0.10101010101010102,0.0
qwen3_4b,steer_actions,real,ask_bt_pos,0.0,gained,9,example-testing,density,0.314266593297166,0.07279518055380127,0.6472642136848157
qwen3_4b,steer_actions,real,ask_bt_pos,0.0,gained,9,example-testing,density_nontest,0.314266593297166,0.07279518055380127,0.6472642136848157
qwen3_4b,steer_actions,real,ask_bt_pos,0.0,gained,9,example-testing,density_testlex,0.0,0.0,0.0
qwen3_4b,steer_actions,real,ask_bt_pos,0.0,gained,9,uncertainty-estimation,density,0.36472181382440927,-0.1827212020098844,1.1187558588042725
qwen3_4b,steer_actions,real,ask_bt_pos,0.0,gained,9,uncertainty-estimation,density_nontest,0.2509574524559352,-0.36252197836224875,1.0927229387928397
qwen3_4b,steer_actions,real,ask_bt_pos,0.0,gained,9,uncertainty-estimation,density_testlex,0.11376436136847395,-0.14479713205141384,0.37506039451478235
qwen3_4b,steer_actions,real,ask_bt_pos,0.0,gained,9,backtracking,density,0.038864899603382914,-0.1511454805486553,0.22157929778658567
qwen3_4b,steer_actions,real,ask_bt_pos,0.0,gained,9,backtracking,density_nontest,0.01757924613382139,-0.1650502645683818,0.1837103427716876
qwen3_4b,steer_actions,real,ask_bt_pos,0.0,gained,9,backtracking,density_testlex,0.021285653469561516,0.0,0.06385696040868455
qwen3_4b,steer_actions,real,ask_bt_pos,0.0,comply_both,101,initializing,density,-0.10734705931338903,-0.21269819732801037,-0.006643039755921962
qwen3_4b,steer_actions,real,ask_bt_pos,0.0,comply_both,101,initializing,density_nontest,-0.10734705931338903,-0.21269819732801037,-0.006643039755921962
qwen3_4b,steer_actions,real,ask_bt_pos,0.0,comply_both,101,initializing,density_testlex,0.0,0.0,0.0
qwen3_4b,steer_actions,real,ask_bt_pos,0.0,comply_both,101,deduction,density,-0.2322643373234004,-0.5014041823577611,0.04842473447557834
qwen3_4b,steer_actions,real,ask_bt_pos,0.0,comply_both,101,deduction,density_nontest,-0.22179622815619565,-0.4947481674180662,0.06249674089699811
qwen3_4b,steer_actions,real,ask_bt_pos,0.0,comply_both,101,deduction,density_testlex,-0.010468109167204805,-0.05782740340169538,0.038592929234372846
qwen3_4b,steer_actions,real,ask_bt_pos,0.0,comply_both,101,adding-knowledge,density,-0.1792349934742544,-0.37596689991725213,0.002538229653043767
qwen3_4b,steer_actions,real,ask_bt_pos,0.0,comply_both,101,adding-knowledge,density_nontest,-0.1703867928859458,-0.3622835633794879,0.009787723614223715
qwen3_4b,steer_actions,real,ask_bt_pos,0.0,comply_both,101,adding-knowledge,density_testlex,-0.00884820058830862,-0.028564947391640644,0.009109029471434436
qwen3_4b,steer_actions,real,ask_bt_pos,0.0,comply_both,101,example-testing,density,0.032547240486824794,-0.06615267852501402,0.13558554675567266
qwen3_4b,steer_actions,real,ask_bt_pos,0.0,comply_both,101,example-testing,density_nontest,0.035408798318908585,-0.06315149045381127,0.13843066754326647
qwen3_4b,steer_actions,real,ask_bt_pos,0.0,comply_both,101,example-testing,density_testlex,-0.0028615578320837867,-0.00858467349625136,0.0
qwen3_4b,steer_actions,real,ask_bt_pos,0.0,comply_both,101,uncertainty-estimation,density,0.10829081435480467,-0.02493104660899874,0.2410395309226459
qwen3_4b,steer_actions,real,ask_bt_pos,0.0,comply_both,101,uncertainty-estimation,density_nontest,0.09486246486313316,-0.03641586132766938,0.2249618741776776
qwen3_4b,steer_actions,real,ask_bt_pos,0.0,comply_both,101,uncertainty-estimation,density_testlex,0.013428349491671557,-0.03570055644996824,0.061962829979225656
qwen3_4b,steer_actions,real,ask_bt_pos,0.0,comply_both,101,backtracking,density,0.014480474408607467,-0.07695015062670985,0.10067960095363752
qwen3_4b,steer_actions,real,ask_bt_pos,0.0,comply_both,101,backtracking,density_nontest,0.01354648760294772,-0.07901906861477147,0.09933810719678644
qwen3_4b,steer_actions,real,ask_bt_pos,0.0,comply_both,101,backtracking,density_testlex,0.0009339868056597474,-0.010419778119839001,0.011425652125688412
qwen3_4b,steer_actions,real,ask_bt_pos,0.0,refuse_both,31,initializing,density,-0.05307592495937518,-0.17045571053664885,0.05463043747622737
qwen3_4b,steer_actions,real,ask_bt_pos,0.0,refuse_both,31,initializing,density_nontest,-0.05307592495937518,-0.17045571053664885,0.05463043747622737
qwen3_4b,steer_actions,real,ask_bt_pos,0.0,refuse_both,31,initializing,density_testlex,0.0,0.0,0.0
qwen3_4b,steer_actions,real,ask_bt_pos,0.0,refuse_both,31,deduction,density,-0.3053045455228458,-0.7706806710060101,0.1409439543216174
qwen3_4b,steer_actions,real,ask_bt_pos,0.0,refuse_both,31,deduction,density_nontest,-0.3558509905101025,-0.8395154802690152,0.09055469073651302
qwen3_4b,steer_actions,real,ask_bt_pos,0.0,refuse_both,31,deduction,density_testlex,0.050546444987256633,-0.06739566006193982,0.15831434471334935
qwen3_4b,steer_actions,real,ask_bt_pos,0.0,refuse_both,31,adding-knowledge,density,0.2090364810503353,-0.11718919020062545,0.5344187924195639
qwen3_4b,steer_actions,real,ask_bt_pos,0.0,refuse_both,31,adding-knowledge,density_nontest,0.20810624320402196,-0.11809617210078102,0.5332151204637667
qwen3_4b,steer_actions,real,ask_bt_pos,0.0,refuse_both,31,adding-knowledge,density_testlex,0.0009302378463133388,0.0,0.0027907135389400165
qwen3_4b,steer_actions,real,ask_bt_pos,0.0,refuse_both,31,example-testing,density,0.012312238364934745,0.0,0.03693671509480424
qwen3_4b,steer_actions,real,ask_bt_pos,0.0,refuse_both,31,example-testing,density_nontest,0.012312238364934745,0.0,0.03693671509480424
qwen3_4b,steer_actions,real,ask_bt_pos,0.0,refuse_both,31,example-testing,density_testlex,0.0,0.0,0.0
qwen3_4b,steer_actions,real,ask_bt_pos,0.0,refuse_both,31,uncertainty-estimation,density,0.10260501632802724,-0.12563918938167368,0.3540069364090102
qwen3_4b,steer_actions,real,ask_bt_pos,0.0,refuse_both,31,uncertainty-estimation,density_nontest,0.0783666054169489,-0.13300338067720135,0.303588562031276
qwen3_4b,steer_actions,real,ask_bt_pos,0.0,refuse_both,31,uncertainty-estimation,density_testlex,0.024238410911078305,-0.10384329832466681,0.14443790708728857
qwen3_4b,steer_actions,real,ask_bt_pos,0.0,refuse_both,31,backtracking,density,0.004097438102060929,-0.14422194095246482,0.15503039487287662
qwen3_4b,steer_actions,real,ask_bt_pos,0.0,refuse_both,31,backtracking,density_nontest,0.004097438102060929,-0.14422194095246482,0.15503039487287662
qwen3_4b,steer_actions,real,ask_bt_pos,0.0,refuse_both,31,backtracking,density_testlex,0.0,0.0,0.0
qwen3_4b,steer_actions,real,ask_bt_pos,0.0,same,132,initializing,density,-0.09460156563934033,-0.1787781081351214,-0.007198443176939811
qwen3_4b,steer_actions,real,ask_bt_pos,0.0,same,132,initializing,density_nontest,-0.09460156563934033,-0.1787781081351214,-0.007198443176939811
qwen3_4b,steer_actions,real,ask_bt_pos,0.0,same,132,initializing,density_testlex,0.0,0.0,0.0
qwen3_4b,steer_actions,real,ask_bt_pos,0.0,same,132,deduction,density,-0.2494177195520581,-0.507036386669354,0.006550077496058673
qwen3_4b,steer_actions,real,ask_bt_pos,0.0,same,132,deduction,density_nontest,-0.25327878598173437,-0.5115132343801317,-0.0035533518447378324
qwen3_4b,steer_actions,real,ask_bt_pos,0.0,same,132,deduction,density_testlex,0.003861066429676296,-0.04115387239165821,0.04866435593500074
qwen3_4b,steer_actions,real,ask_bt_pos,0.0,same,132,adding-knowledge,density,-0.08805002597226745,-0.24605864076822484,0.08633660376644087
qwen3_4b,steer_actions,real,ask_bt_pos,0.0,same,132,adding-knowledge,density_nontest,-0.08149827683451398,-0.2372014926383448,0.08841154698924049
qwen3_4b,steer_actions,real,ask_bt_pos,0.0,same,132,adding-knowledge,density_testlex,-0.006551749137753461,-0.02210806208110233,0.008916388458371767
qwen3_4b,steer_actions,real,ask_bt_pos,0.0,same,132,example-testing,density,0.02779508089759304,-0.049601639246821934,0.10517128743131839
qwen3_4b,steer_actions,real,ask_bt_pos,0.0,same,132,example-testing,density_nontest,0.02998460620850564,-0.04726711683799011,0.10701438758751766
qwen3_4b,steer_actions,real,ask_bt_pos,0.0,same,132,example-testing,density_testlex,-0.002189525310912594,-0.006568575932737783,0.0
qwen3_4b,steer_actions,real,ask_bt_pos,0.0,same,132,uncertainty-estimation,density,0.10695551330306148,-0.018699596956464094,0.22338112273421068
qwen3_4b,steer_actions,real,ask_bt_pos,0.0,same,132,uncertainty-estimation,density_nontest,0.09098843726592322,-0.02574241216634981,0.20484789934678424
qwen3_4b,steer_actions,real,ask_bt_pos,0.0,same,132,uncertainty-estimation,density_testlex,0.015967076037138293,-0.033437103780720685,0.06389998904520487
qwen3_4b,steer_actions,real,ask_bt_pos,0.0,same,132,backtracking,density,0.012042034063888193,-0.06786612337000826,0.0849410923246599
qwen3_4b,steer_actions,real,ask_bt_pos,0.0,same,132,backtracking,density_nontest,0.011327392644406114,-0.06810395454051384,0.08414105568727569
qwen3_4b,steer_actions,real,ask_bt_pos,0.0,same,132,backtracking,density_testlex,0.0007146414194820794,-0.0066573022615730474,0.009197942156303944
qwen3_4b,steer_actions,real,ask_unc_neg,0.0,gained,13,initializing,density,-0.29528799225774194,-0.5432372598045234,-0.08261227795396058
qwen3_4b,steer_actions,real,ask_unc_neg,0.0,gained,13,initializing,density_nontest,-0.29528799225774194,-0.5432372598045234,-0.08261227795396058
qwen3_4b,steer_actions,real,ask_unc_neg,0.0,gained,13,initializing,density_testlex,0.0,0.0,0.0
qwen3_4b,steer_actions,real,ask_unc_neg,0.0,gained,13,deduction,density,-0.2196289082303427,-0.8777336418334057,0.46094360636778087
qwen3_4b,steer_actions,real,ask_unc_neg,0.0,gained,13,deduction,density_nontest,-0.00327455152294299,-0.7355548404181865,0.7634955558195213
qwen3_4b,steer_actions,real,ask_unc_neg,0.0,gained,13,deduction,density_testlex,-0.21635435670739975,-0.4083719527281692,-0.037036204933192665
qwen3_4b,steer_actions,real,ask_unc_neg,0.0,gained,13,adding-knowledge,density,-0.23015839122149842,-0.7748240282195884,0.28402174456748014
qwen3_4b,steer_actions,real,ask_unc_neg,0.0,gained,13,adding-knowledge,density_nontest,-0.24040114447357255,-0.7900765181587958,0.2783604948374523
qwen3_4b,steer_actions,real,ask_unc_neg,0.0,gained,13,adding-knowledge,density_testlex,0.010242753252074159,0.0,0.030728259756222474
qwen3_4b,steer_actions,real,ask_unc_neg,0.0,gained,13,example-testing,density,0.09458283839202988,0.02216803369541122,0.179847578253882
qwen3_4b,steer_actions,real,ask_unc_neg,0.0,gained,13,example-testing,density_nontest,0.09458283839202988,0.02216803369541122,0.179847578253882
qwen3_4b,steer_actions,real,ask_unc_neg,0.0,gained,13,example-testing,density_testlex,0.0,0.0,0.0
qwen3_4b,steer_actions,real,ask_unc_neg,0.0,gained,13,uncertainty-estimation,density,0.699037282474247,0.3156427983298723,1.0467593181176182
qwen3_4b,steer_actions,real,ask_unc_neg,0.0,gained,13,uncertainty-estimation,density_nontest,0.7808215658774067,0.40552821474045914,1.1359956721597937
qwen3_4b,steer_actions,real,ask_unc_neg,0.0,gained,13,uncertainty-estimation,density_testlex,-0.08178428340315974,-0.2230904652392095,0.06513094145194463
qwen3_4b,steer_actions,real,ask_unc_neg,0.0,gained,13,backtracking,density,-0.25478636785772846,-0.5417834961684216,0.003916973515512054
qwen3_4b,steer_actions,real,ask_unc_neg,0.0,gained,13,backtracking,density_nontest,-0.25478636785772846,-0.5417834961684216,0.003916973515512054
qwen3_4b,steer_actions,real,ask_unc_neg,0.0,gained,13,backtracking,density_testlex,0.0,0.0,0.0
qwen3_4b,steer_actions,real,ask_unc_neg,0.0,comply_both,101,initializing,density,-0.05099392737547119,-0.1565578531303331,0.051983923692721944
qwen3_4b,steer_actions,real,ask_unc_neg,0.0,comply_both,101,initializing,density_nontest,-0.05099392737547119,-0.1565578531303331,0.051983923692721944
qwen3_4b,steer_actions,real,ask_unc_neg,0.0,comply_both,101,initializing,density_testlex,0.0,0.0,0.0
qwen3_4b,steer_actions,real,ask_unc_neg,0.0,comply_both,101,deduction,density,0.08159654733094542,-0.19073202535252431,0.3386737903550886
qwen3_4b,steer_actions,real,ask_unc_neg,0.0,comply_both,101,deduction,density_nontest,0.11590678777133492,-0.1589382478351448,0.37548682797191657
qwen3_4b,steer_actions,real,ask_unc_neg,0.0,comply_both,101,deduction,density_testlex,-0.03431024044038948,-0.07162056787669582,0.004640432614360429
qwen3_4b,steer_actions,real,ask_unc_neg,0.0,comply_both,101,adding-knowledge,density,0.005886922898462345,-0.1966357128609908,0.2086465233508984
qwen3_4b,steer_actions,real,ask_unc_neg,0.0,comply_both,101,adding-knowledge,density_nontest,0.011862276575282951,-0.18973866351886096,0.2159842752999729
qwen3_4b,steer_actions,real,ask_unc_neg,0.0,comply_both,101,adding-knowledge,density_testlex,-0.0059753536768206265,-0.027398186189346575,0.01482658458492731
qwen3_4b,steer_actions,real,ask_unc_neg,0.0,comply_both,101,example-testing,density,0.0036269370493261796,-0.11646946602704235,0.1331439199597668
qwen3_4b,steer_actions,real,ask_unc_neg,0.0,comply_both,101,example-testing,density_nontest,0.006488494881409965,-0.112905763228258,0.1355708680823787
qwen3_4b,steer_actions,real,ask_unc_neg,0.0,comply_both,101,example-testing,density_testlex,-0.0028615578320837867,-0.00858467349625136,0.0
qwen3_4b,steer_actions,real,ask_unc_neg,0.0,comply_both,101,uncertainty-estimation,density,-0.06963072565136579,-0.20614191399042078,0.06594466137906194
qwen3_4b,steer_actions,real,ask_unc_neg,0.0,comply_both,101,uncertainty-estimation,density_nontest,-0.03890934260123051,-0.1702754743228447,0.09173880918359212
qwen3_4b,steer_actions,real,ask_unc_neg,0.0,comply_both,101,uncertainty-estimation,density_testlex,-0.030721383050135293,-0.0772013926256791,0.014443880882819548
qwen3_4b,steer_actions,real,ask_unc_neg,0.0,comply_both,101,backtracking,density,0.021906262668446943,-0.07398020401723387,0.10712825300515828
qwen3_4b,steer_actions,real,ask_unc_neg,0.0,comply_both,101,backtracking,density_nontest,0.027415326188945405,-0.06849634826538918,0.11363386851221742
qwen3_4b,steer_actions,real,ask_unc_neg,0.0,comply_both,101,backtracking,density_testlex,-0.005509063520498467,-0.013807138336492681,0.0
qwen3_4b,steer_actions,real,ask_unc_neg,0.0,refuse_both,27,initializing,density,0.11057946693918225,-0.012035337757969194,0.22216547657169133
qwen3_4b,steer_actions,real,ask_unc_neg,0.0,refuse_both,27,initializing,density_nontest,0.11057946693918225,-0.012035337757969194,0.22216547657169133
qwen3_4b,steer_actions,real,ask_unc_neg,0.0,refuse_both,27,initializing,density_testlex,0.0,0.0,0.0
qwen3_4b,steer_actions,real,ask_unc_neg,0.0,refuse_both,27,deduction,density,0.02025585071376633,-0.3552966771867375,0.3740980115588735
qwen3_4b,steer_actions,real,ask_unc_neg,0.0,refuse_both,27,deduction,density_nontest,-0.1341616110630422,-0.5115830746742737,0.23346014174504887
qwen3_4b,steer_actions,real,ask_unc_neg,0.0,refuse_both,27,deduction,density_testlex,0.15441746177680854,0.013640873117440592,0.2956152378957288
qwen3_4b,steer_actions,real,ask_unc_neg,0.0,refuse_both,27,adding-knowledge,density,0.20600154969430373,-0.23843397939230462,0.6853810273389531
qwen3_4b,steer_actions,real,ask_unc_neg,0.0,refuse_both,27,adding-knowledge,density_nontest,0.19625153994429395,-0.26478656227826264,0.6444148908978371
qwen3_4b,steer_actions,real,ask_unc_neg,0.0,refuse_both,27,adding-knowledge,density_testlex,0.009750009750009747,-0.054123387456720795,0.09459676126342792
qwen3_4b,steer_actions,real,ask_unc_neg,0.0,refuse_both,27,example-testing,density,0.018066847335140017,0.0,0.05420054200542005
qwen3_4b,steer_actions,real,ask_unc_neg,0.0,refuse_both,27,example-testing,density_nontest,0.0,0.0,0.0
qwen3_4b,steer_actions,real,ask_unc_neg,0.0,refuse_both,27,example-testing,density_testlex,0.018066847335140017,0.0,0.05420054200542005
qwen3_4b,steer_actions,real,ask_unc_neg,0.0,refuse_both,27,uncertainty-estimation,density,-0.24738941391914826,-0.4875865255223754,-0.010222800775927477
qwen3_4b,steer_actions,real,ask_unc_neg,0.0,refuse_both,27,uncertainty-estimation,density_nontest,-0.13389140137911115,-0.35355468249070005,0.07077841146836522
qwen3_4b,steer_actions,real,ask_unc_neg,0.0,refuse_both,27,uncertainty-estimation,density_testlex,-0.11349801254003708,-0.26116232649915,0.023876446055352343
qwen3_4b,steer_actions,real,ask_unc_neg,0.0,refuse_both,27,backtracking,density,0.01517235222857688,-0.11963867603654922,0.1540385157230763
qwen3_4b,steer_actions,real,ask_unc_neg,0.0,refuse_both,27,backtracking,density_nontest,0.0010360785503184698,-0.1314483919408343,0.13580907845661153
qwen3_4b,steer_actions,real,ask_unc_neg,0.0,refuse_both,27,backtracking,density_testlex,0.014136273678258413,0.0,0.04240882103477524
qwen3_4b,steer_actions,real,ask_unc_neg,0.0,same,128,initializing,density,-0.016912039512223965,-0.10174803395761006,0.07394871855959997
qwen3_4b,steer_actions,real,ask_unc_neg,0.0,same,128,initializing,density_nontest,-0.016912039512223965,-0.10174803395761006,0.07394871855959997
qwen3_4b,steer_actions,real,ask_unc_neg,0.0,same,128,initializing,density_testlex,0.0,0.0,0.0
qwen3_4b,steer_actions,real,ask_unc_neg,0.0,same,128,deduction,density,0.06865749413825918,-0.17111106399678697,0.3059067914127468
qwen3_4b,steer_actions,real,ask_unc_neg,0.0,same,128,deduction,density_nontest,0.06315798489220847,-0.1782607531787542,0.3058568334537779
qwen3_4b,steer_actions,real,ask_unc_neg,0.0,same,128,deduction,density_testlex,0.005499509246050721,-0.04071377867038067,0.05116177971155211
qwen3_4b,steer_actions,real,ask_unc_neg,0.0,same,128,adding-knowledge,density,0.048098601988210136,-0.14057035394764356,0.23995784160705114
qwen3_4b,steer_actions,real,ask_unc_neg,0.0,same,128,adding-knowledge,density_nontest,0.05075688681718373,-0.14021271941131333,0.24429799204377864
qwen3_4b,steer_actions,real,ask_unc_neg,0.0,same,128,adding-knowledge,density_testlex,-0.002658284828973594,-0.02508866018563426,0.021754897072634012
qwen3_4b,steer_actions,real,ask_unc_neg,0.0,same,128,example-testing,density,0.006672855625240035,-0.08845766756086312,0.10695666472902816
qwen3_4b,steer_actions,real,ask_unc_neg,0.0,same,128,example-testing,density_nontest,0.005119827992362557,-0.0886238864037756,0.1044695275714399
qwen3_4b,steer_actions,real,ask_unc_neg,0.0,same,128,example-testing,density_testlex,0.0015530276328774846,-0.006773843930635839,0.011432926829268292
qwen3_4b,steer_actions,real,ask_unc_neg,0.0,same,128,uncertainty-estimation,density,-0.10712669895785115,-0.23275317094351605,0.011120608812598961
qwen3_4b,steer_actions,real,ask_unc_neg,0.0,same,128,uncertainty-estimation,density_nontest,-0.05894462062468969,-0.18056912678966844,0.05580676336288317
qwen3_4b,steer_actions,real,ask_unc_neg,0.0,same,128,uncertainty-estimation,density_testlex,-0.04818207833316146,-0.09648954476976658,-0.003704556099086826
qwen3_4b,steer_actions,real,ask_unc_neg,0.0,same,128,backtracking,density,0.02048582843503686,-0.05944383777492983,0.09563927973244182
qwen3_4b,steer_actions,real,ask_unc_neg,0.0,same,128,backtracking,density_nontest,0.02185095364017255,-0.056083137532370646,0.09785123089200927
qwen3_4b,steer_actions,real,ask_unc_neg,0.0,same,128,backtracking,density_testlex,-0.0013651252051356875,-0.008802816901408451,0.006799319478231693
qwen3_4b,steer_actions,real,ask_unc_pos,0.0,gained,10,initializing,density,-0.09901559972217497,-0.3061818115590516,0.09705597647231069
qwen3_4b,steer_actions,real,ask_unc_pos,0.0,gained,10,initializing,density_nontest,-0.09901559972217497,-0.3061818115590516,0.09705597647231069
qwen3_4b,steer_actions,real,ask_unc_pos,0.0,gained,10,initializing,density_testlex,0.0,0.0,0.0
qwen3_4b,steer_actions,real,ask_unc_pos,0.0,gained,10,deduction,density,0.04112076841657271,-0.4941621179899056,0.553535123086609
qwen3_4b,steer_actions,real,ask_unc_pos,0.0,gained,10,deduction,density_nontest,0.19211869563038025,-0.4551745863486072,0.8198184246647668
qwen3_4b,steer_actions,real,ask_unc_pos,0.0,gained,10,deduction,density_testlex,-0.1509979272138076,-0.3685970082224195,0.05745718460673441
qwen3_4b,steer_actions,real,ask_unc_pos,0.0,gained,10,adding-knowledge,density,-0.54565092892307,-1.197836900584995,0.16046515289470978
qwen3_4b,steer_actions,real,ask_unc_pos,0.0,gained,10,adding-knowledge,density_nontest,-0.54565092892307,-1.197836900584995,0.16046515289470978
qwen3_4b,steer_actions,real,ask_unc_pos,0.0,gained,10,adding-knowledge,density_testlex,0.0,0.0,0.0
qwen3_4b,steer_actions,real,ask_unc_pos,0.0,gained,10,example-testing,density,0.239064625950301,0.08907880417386851,0.41296476412967564
qwen3_4b,steer_actions,real,ask_unc_pos,0.0,gained,10,example-testing,density_nontest,0.239064625950301,0.08907880417386851,0.41296476412967564
qwen3_4b,steer_actions,real,ask_unc_pos,0.0,gained,10,example-testing,density_testlex,0.0,0.0,0.0
qwen3_4b,steer_actions,real,ask_unc_pos,0.0,gained,10,uncertainty-estimation,density,0.25785876639063565,-0.2065495389434657,0.7351941850133357
qwen3_4b,steer_actions,real,ask_unc_pos,0.0,gained,10,uncertainty-estimation,density_nontest,0.15263882165505588,-0.20370419232359885,0.5346758536023796
qwen3_4b,steer_actions,real,ask_unc_pos,0.0,gained,10,uncertainty-estimation,density_testlex,0.10521994473557975,-0.10847834655779402,0.3440708082174724
qwen3_4b,steer_actions,real,ask_unc_pos,0.0,gained,10,backtracking,density,-0.31772650041708117,-0.5966207592185504,-0.10186389410708338
qwen3_4b,steer_actions,real,ask_unc_pos,0.0,gained,10,backtracking,density_nontest,-0.339003096161762,-0.6034501163178958,-0.1394195467810639
qwen3_4b,steer_actions,real,ask_unc_pos,0.0,gained,10,backtracking,density_testlex,0.02127659574468085,0.0,0.06382978723404256
qwen3_4b,steer_actions,real,ask_unc_pos,0.0,lost,9,initializing,density,0.07424427526414318,-0.11114107254917664,0.2603788195207411
qwen3_4b,steer_actions,real,ask_unc_pos,0.0,lost,9,initializing,density_nontest,0.07424427526414318,-0.11114107254917664,0.2603788195207411
qwen3_4b,steer_actions,real,ask_unc_pos,0.0,lost,9,initializing,density_testlex,0.0,0.0,0.0
qwen3_4b,steer_actions,real,ask_unc_pos,0.0,lost,9,deduction,density,0.3399342429716476,-0.6969686211542564,1.4400409127342384
qwen3_4b,steer_actions,real,ask_unc_pos,0.0,lost,9,deduction,density_nontest,0.13700339769648626,-0.9787161595251722,1.2661691792445582
qwen3_4b,steer_actions,real,ask_unc_pos,0.0,lost,9,deduction,density_testlex,0.20293084527516134,-0.07424173481588278,0.4774739925684634
qwen3_4b,steer_actions,real,ask_unc_pos,0.0,lost,9,adding-knowledge,density,0.15924916101641784,-0.16911229163004526,0.5274721475090697
qwen3_4b,steer_actions,real,ask_unc_pos,0.0,lost,9,adding-knowledge,density_nontest,0.15924916101641784,-0.16911229163004526,0.5274721475090697
qwen3_4b,steer_actions,real,ask_unc_pos,0.0,lost,9,adding-knowledge,density_testlex,0.0,0.0,0.0
qwen3_4b,steer_actions,real,ask_unc_pos,0.0,lost,9,example-testing,density,-0.17773050941984542,-0.34440515630137586,-0.015564703079376506
qwen3_4b,steer_actions,real,ask_unc_pos,0.0,lost,9,example-testing,density_nontest,-0.17773050941984542,-0.34440515630137586,-0.015564703079376506
qwen3_4b,steer_actions,real,ask_unc_pos,0.0,lost,9,example-testing,density_testlex,0.0,0.0,0.0
qwen3_4b,steer_actions,real,ask_unc_pos,0.0,lost,9,uncertainty-estimation,density,-0.5092545090838776,-1.0140045405122742,-0.04574799613945013
qwen3_4b,steer_actions,real,ask_unc_pos,0.0,lost,9,uncertainty-estimation,density_nontest,-0.4493203562131588,-0.8837830150815993,-0.07379905467521526
qwen3_4b,steer_actions,real,ask_unc_pos,0.0,lost,9,uncertainty-estimation,density_testlex,-0.05993415287071878,-0.2233164729396264,0.0970402717127608
qwen3_4b,steer_actions,real,ask_unc_pos,0.0,lost,9,backtracking,density,0.12235531820019682,-0.19969689130830745,0.5196598174264261
qwen3_4b,steer_actions,real,ask_unc_pos,0.0,lost,9,backtracking,density_nontest,0.12235531820019682,-0.19969689130830745,0.5196598174264261
qwen3_4b,steer_actions,real,ask_unc_pos,0.0,lost,9,backtracking,density_testlex,0.0,0.0,0.0
qwen3_4b,steer_actions,real,ask_unc_pos,0.0,comply_both,97,initializing,density,-0.16157981622964737,-0.2857045113885148,-0.04729868955916347
qwen3_4b,steer_actions,real,ask_unc_pos,0.0,comply_both,97,initializing,density_nontest,-0.16157981622964737,-0.2857045113885148,-0.04729868955916347
qwen3_4b,steer_actions,real,ask_unc_pos,0.0,comply_both,97,initializing,density_testlex,0.0,0.0,0.0
qwen3_4b,steer_actions,real,ask_unc_pos,0.0,comply_both,97,deduction,density,-0.08842421333907999,-0.37112925160029847,0.19379151408282375
qwen3_4b,steer_actions,real,ask_unc_pos,0.0,comply_both,97,deduction,density_nontest,-0.11693067662336114,-0.40870816012329464,0.17242051304673403
qwen3_4b,steer_actions,real,ask_unc_pos,0.0,comply_both,97,deduction,density_testlex,0.028506463284281202,-0.017194397492301575,0.07531814543535068
qwen3_4b,steer_actions,real,ask_unc_pos,0.0,comply_both,97,adding-knowledge,density,-0.1384260170621673,-0.3409704741813454,0.05402179306090655
qwen3_4b,steer_actions,real,ask_unc_pos,0.0,comply_both,97,adding-knowledge,density_nontest,-0.12522613251832498,-0.3304800978023747,0.06684111080725826
qwen3_4b,steer_actions,real,ask_unc_pos,0.0,comply_both,97,adding-knowledge,density_testlex,-0.013199884543842355,-0.032401850544274316,0.004020542195521768
qwen3_4b,steer_actions,real,ask_unc_pos,0.0,comply_both,97,example-testing,density,-0.03206304955846031,-0.13676260387961808,0.07913899404090201
qwen3_4b,steer_actions,real,ask_unc_pos,0.0,comply_both,97,example-testing,density_nontest,-0.032832317832644856,-0.13753003176258863,0.07900641305473359
qwen3_4b,steer_actions,real,ask_unc_pos,0.0,comply_both,97,example-testing,density_testlex,0.0007692682741845484,-0.008938680650735952,0.011246485473289596
qwen3_4b,steer_actions,real,ask_unc_pos,0.0,comply_both,97,uncertainty-estimation,density,0.14491465570588552,0.006402727776867518,0.2906289043039909
qwen3_4b,steer_actions,real,ask_unc_pos,0.0,comply_both,97,uncertainty-estimation,density_nontest,0.14652950086422328,0.010543731482082767,0.2903339732855943
qwen3_4b,steer_actions,real,ask_unc_pos,0.0,comply_both,97,uncertainty-estimation,density_testlex,-0.0016148451583377426,-0.042958690999742505,0.04033862293347437
qwen3_4b,steer_actions,real,ask_unc_pos,0.0,comply_both,97,backtracking,density,-0.01331644023618683,-0.10657320471382797,0.07082932694970413
qwen3_4b,steer_actions,real,ask_unc_pos,0.0,comply_both,97,backtracking,density_nontest,-0.007580198838554405,-0.10061179584472948,0.07819534020994358
qwen3_4b,steer_actions,real,ask_unc_pos,0.0,comply_both,97,backtracking,density_testlex,-0.005736241397632424,-0.01437829993442016,0.0
qwen3_4b,steer_actions,real,ask_unc_pos,0.0,refuse_both,30,initializing,density,0.015021942890101909,-0.11009539785816934,0.13432083976172676
qwen3_4b,steer_actions,real,ask_unc_pos,0.0,refuse_both,30,initializing,density_nontest,0.015021942890101909,-0.11009539785816934,0.13432083976172676
qwen3_4b,steer_actions,real,ask_unc_pos,0.0,refuse_both,30,initializing,density_testlex,0.0,0.0,0.0
qwen3_4b,steer_actions,real,ask_unc_pos,0.0,refuse_both,30,deduction,density,-0.0005456626119515769,-0.3874033518188576,0.39530265904966067
qwen3_4b,steer_actions,real,ask_unc_pos,0.0,refuse_both,30,deduction,density_nontest,-0.17321937622469316,-0.5844246685951947,0.24849494537790393
qwen3_4b,steer_actions,real,ask_unc_pos,0.0,refuse_both,30,deduction,density_testlex,0.17267371361274153,0.06272535967406424,0.27974315056628146
qwen3_4b,steer_actions,real,ask_unc_pos,0.0,refuse_both,30,adding-knowledge,density,0.14219079536057955,-0.20921278171006757,0.46330407508226373
qwen3_4b,steer_actions,real,ask_unc_pos,0.0,refuse_both,30,adding-knowledge,density_nontest,0.1312112010476519,-0.2284860740354585,0.4629429219722848
qwen3_4b,steer_actions,real,ask_unc_pos,0.0,refuse_both,30,adding-knowledge,density_testlex,0.010979594312927644,-0.04317304317304318,0.07716049382716049
qwen3_4b,steer_actions,real,ask_unc_pos,0.0,refuse_both,30,example-testing,density,0.02886002886002886,0.0,0.08658008658008658
qwen3_4b,steer_actions,real,ask_unc_pos,0.0,refuse_both,30,example-testing,density_nontest,0.02886002886002886,0.0,0.08658008658008658
qwen3_4b,steer_actions,real,ask_unc_pos,0.0,refuse_both,30,example-testing,density_testlex,0.0,0.0,0.0
qwen3_4b,steer_actions,real,ask_unc_pos,0.0,refuse_both,30,uncertainty-estimation,density,-0.24560400109328515,-0.49000136238508163,-0.01810303920941961
qwen3_4b,steer_actions,real,ask_unc_pos,0.0,refuse_both,30,uncertainty-estimation,density_nontest,-0.10934180694072926,-0.3169708718156227,0.09750897085610011
qwen3_4b,steer_actions,real,ask_unc_pos,0.0,refuse_both,30,uncertainty-estimation,density_testlex,-0.13626219415255586,-0.23241286432385522,-0.03671046440677698
qwen3_4b,steer_actions,real,ask_unc_pos,0.0,refuse_both,30,backtracking,density,-0.0068590624942969376,-0.11500198820481197,0.10830543012969637
qwen3_4b,steer_actions,real,ask_unc_pos,0.0,refuse_both,30,backtracking,density_nontest,-0.0068590624942969376,-0.11500198820481197,0.10830543012969637
qwen3_4b,steer_actions,real,ask_unc_pos,0.0,refuse_both,30,backtracking,density_testlex,0.0,0.0,0.0
qwen3_4b,steer_actions,real,ask_unc_pos,0.0,same,127,initializing,density,-0.11986286525647825,-0.21203982765474683,-0.02274163156960817
qwen3_4b,steer_actions,real,ask_unc_pos,0.0,same,127,initializing,density_nontest,-0.11986286525647825,-0.21203982765474683,-0.02274163156960817
qwen3_4b,steer_actions,real,ask_unc_pos,0.0,same,127,initializing,density_testlex,0.0,0.0,0.0
qwen3_4b,steer_actions,real,ask_unc_pos,0.0,same,127,deduction,density,-0.0676655005688922,-0.29613085074500184,0.16842674990359072
qwen3_4b,steer_actions,real,ask_unc_pos,0.0,same,127,deduction,density_nontest,-0.13022721983627425,-0.36728393860676,0.11126969943734571
qwen3_4b,steer_actions,real,ask_unc_pos,0.0,same,127,deduction,density_testlex,0.06256171926738208,0.021146233404776654,0.1086841209630386
qwen3_4b,steer_actions,real,ask_unc_pos,0.0,same,127,adding-knowledge,density,-0.07213858105679406,-0.24000351226281427,0.0974984459905079
qwen3_4b,steer_actions,real,ask_unc_pos,0.0,same,127,adding-knowledge,density_nontest,-0.06465038443187374,-0.23462393975295542,0.1038401916602326
qwen3_4b,steer_actions,real,ask_unc_pos,0.0,same,127,adding-knowledge,density_testlex,-0.007488196624920308,-0.027205009173142558,0.013292848581074507
qwen3_4b,steer_actions,real,ask_unc_pos,0.0,same,127,example-testing,density,-0.017671771191888053,-0.10207731065149246,0.06862971107257998
qwen3_4b,steer_actions,real,ask_unc_pos,0.0,same,127,example-testing,density_nontest,-0.018259322550910905,-0.1022433378637391,0.06618969091739042
qwen3_4b,steer_actions,real,ask_unc_pos,0.0,same,127,example-testing,density_testlex,0.0005875513590228441,-0.006827181284420373,0.008589835361488904
qwen3_4b,steer_actions,real,ask_unc_pos,0.0,same,127,uncertainty-estimation,density,0.0526661540997822,-0.07497421490788293,0.1778200324051843
qwen3_4b,steer_actions,real,ask_unc_pos,0.0,same,127,uncertainty-estimation,density_nontest,0.08608745965045493,-0.03669074644873232,0.20569987237591206
qwen3_4b,steer_actions,real,ask_unc_pos,0.0,same,127,uncertainty-estimation,density_testlex,-0.033421305550672735,-0.07330444694633734,0.007785479547971365
qwen3_4b,steer_actions,real,ask_unc_pos,0.0,same,127,backtracking,density,-0.011791075415267947,-0.09361547450372092,0.059978531825608174
qwen3_4b,steer_actions,real,ask_unc_pos,0.0,same,127,backtracking,density_nontest,-0.007409851670619564,-0.08979937585976977,0.06387338432326647
qwen3_4b,steer_actions,real,ask_unc_pos,0.0,same,127,backtracking,density_testlex,-0.004381223744648386,-0.010980480094376069,0.0
qwen3_4b,steer_actions,real,baseline_seed1,0.0,gained,6,initializing,density,-0.168357294273622,-0.4859511895565342,0.062372148389677286
qwen3_4b,steer_actions,real,baseline_seed1,0.0,gained,6,initializing,density_nontest,-0.168357294273622,-0.4859511895565342,0.062372148389677286
qwen3_4b,steer_actions,real,baseline_seed1,0.0,gained,6,initializing,density_testlex,0.0,0.0,0.0
qwen3_4b,steer_actions,real,baseline_seed1,0.0,gained,6,deduction,density,0.1868912088519592,-0.7299469247417937,1.114938622863739
qwen3_4b,steer_actions,real,baseline_seed1,0.0,gained,6,deduction,density_nontest,0.11338784464180211,-0.8972846422068171,1.1481125365166078
qwen3_4b,steer_actions,real,baseline_seed1,0.0,gained,6,deduction,density_testlex,0.07350336421015714,-0.1374033618997644,0.28439067919200606
qwen3_4b,steer_actions,real,baseline_seed1,0.0,gained,6,adding-knowledge,density,0.3868510189919139,-0.23599018526820179,0.9952890862915754
qwen3_4b,steer_actions,real,baseline_seed1,0.0,gained,6,adding-knowledge,density_nontest,0.36052137180918614,-0.31900765557188837,0.9759611229368084
qwen3_4b,steer_actions,real,baseline_seed1,0.0,gained,6,adding-knowledge,density_testlex,0.02632964718272775,0.0,0.07898894154818326
qwen3_4b,steer_actions,real,baseline_seed1,0.0,gained,6,example-testing,density,0.22461814914645103,0.0,0.6738544474393531
qwen3_4b,steer_actions,real,baseline_seed1,0.0,gained,6,example-testing,density_nontest,0.22461814914645103,0.0,0.6738544474393531
qwen3_4b,steer_actions,real,baseline_seed1,0.0,gained,6,example-testing,density_testlex,0.0,0.0,0.0
qwen3_4b,steer_actions,real,baseline_seed1,0.0,gained,6,uncertainty-estimation,density,-0.17670859791408564,-0.8948491172000407,0.5443615700840593
qwen3_4b,steer_actions,real,baseline_seed1,0.0,gained,6,uncertainty-estimation,density_nontest,-0.04389624112470417,-0.630347562554244,0.56573073334298
qwen3_4b,steer_actions,real,baseline_seed1,0.0,gained,6,uncertainty-estimation,density_testlex,-0.1328123567893814,-0.4493470567490887,0.18766671161446194
qwen3_4b,steer_actions,real,baseline_seed1,0.0,gained,6,backtracking,density,0.06087464200687696,-0.22892765575401994,0.30331866534900465
qwen3_4b,steer_actions,real,baseline_seed1,0.0,gained,6,backtracking,density_nontest,0.06087464200687696,-0.22892765575401994,0.30331866534900465
qwen3_4b,steer_actions,real,baseline_seed1,0.0,gained,6,backtracking,density_testlex,0.0,0.0,0.0
qwen3_4b,steer_actions,real,baseline_seed1,0.0,comply_both,99,initializing,density,-0.002154785653733201,-0.11361452385011707,0.11651656282515213
qwen3_4b,steer_actions,real,baseline_seed1,0.0,comply_both,99,initializing,density_nontest,-0.002154785653733201,-0.11361452385011707,0.11651656282515213
qwen3_4b,steer_actions,real,baseline_seed1,0.0,comply_both,99,initializing,density_testlex,0.0,0.0,0.0
qwen3_4b,steer_actions,real,baseline_seed1,0.0,comply_both,99,deduction,density,-0.2260277373687485,-0.4919670346624739,0.010937167323401845
qwen3_4b,steer_actions,real,baseline_seed1,0.0,comply_both,99,deduction,density_nontest,-0.19896418386571413,-0.47108513002990077,0.04259737742407191
qwen3_4b,steer_actions,real,baseline_seed1,0.0,comply_both,99,deduction,density_testlex,-0.027063553503034347,-0.07254381406016144,0.022042419865035395
qwen3_4b,steer_actions,real,baseline_seed1,0.0,comply_both,99,adding-knowledge,density,0.01633056597801805,-0.1698621404077336,0.22270365651766094
qwen3_4b,steer_actions,real,baseline_seed1,0.0,comply_both,99,adding-knowledge,density_nontest,0.02201735331208932,-0.1637733366162775,0.2251472444129995
qwen3_4b,steer_actions,real,baseline_seed1,0.0,comply_both,99,adding-knowledge,density_testlex,-0.005686787334071257,-0.023637092077664856,0.01369350305708784
qwen3_4b,steer_actions,real,baseline_seed1,0.0,comply_both,99,example-testing,density,-0.015866215390853967,-0.14014195510883995,0.11957097207227924
qwen3_4b,steer_actions,real,baseline_seed1,0.0,comply_both,99,example-testing,density_nontest,-0.012946848309637174,-0.13534082871209102,0.12022187942125376
qwen3_4b,steer_actions,real,baseline_seed1,0.0,comply_both,99,example-testing,density_testlex,-0.0029193670812167924,-0.008758101243650378,0.0
qwen3_4b,steer_actions,real,baseline_seed1,0.0,comply_both,99,uncertainty-estimation,density,0.05883747998290001,-0.08619089571880247,0.20000952483446863
qwen3_4b,steer_actions,real,baseline_seed1,0.0,comply_both,99,uncertainty-estimation,density_nontest,0.06328949801614153,-0.07114753071703986,0.19370173745035293
qwen3_4b,steer_actions,real,baseline_seed1,0.0,comply_both,99,uncertainty-estimation,density_testlex,-0.0044520180332415235,-0.05350056384921903,0.042857857308684445
qwen3_4b,steer_actions,real,baseline_seed1,0.0,comply_both,99,backtracking,density,0.0058937768649277855,-0.09047097923253332,0.0982617995437269
qwen3_4b,steer_actions,real,baseline_seed1,0.0,comply_both,99,backtracking,density_nontest,0.008443918761788289,-0.08886279346428423,0.10300536055259066
qwen3_4b,steer_actions,real,baseline_seed1,0.0,comply_both,99,backtracking,density_testlex,-0.002550141896860506,-0.013862968350532032,0.006660505611659341
qwen3_4b,steer_actions,real,baseline_seed1,0.0,refuse_both,33,initializing,density,0.05907883802858808,-0.04951432598910156,0.17206540044860782
qwen3_4b,steer_actions,real,baseline_seed1,0.0,refuse_both,33,initializing,density_nontest,0.05907883802858808,-0.04951432598910156,0.17206540044860782
qwen3_4b,steer_actions,real,baseline_seed1,0.0,refuse_both,33,initializing,density_testlex,0.0,0.0,0.0
qwen3_4b,steer_actions,real,baseline_seed1,0.0,refuse_both,33,deduction,density,-0.16154285239513966,-0.5821953235742998,0.24783379910155612
qwen3_4b,steer_actions,real,baseline_seed1,0.0,refuse_both,33,deduction,density_nontest,-0.20523217049865172,-0.6441523189743599,0.2290008140154927
qwen3_4b,steer_actions,real,baseline_seed1,0.0,refuse_both,33,deduction,density_testlex,0.04368931810351207,-0.05274002974782951,0.13914077642110753
qwen3_4b,steer_actions,real,baseline_seed1,0.0,refuse_both,33,adding-knowledge,density,0.08208887838006543,-0.2529414998046752,0.41252185218645937
qwen3_4b,steer_actions,real,baseline_seed1,0.0,refuse_both,33,adding-knowledge,density_nontest,0.040651972184374656,-0.2733541050967298,0.35917291643674126
qwen3_4b,steer_actions,real,baseline_seed1,0.0,refuse_both,33,adding-knowledge,density_testlex,0.04143690619569076,-0.007100405883778646,0.09868973217202115
qwen3_4b,steer_actions,real,baseline_seed1,0.0,refuse_both,33,example-testing,density,0.020002000200020003,0.0,0.060006000600060005
qwen3_4b,steer_actions,real,baseline_seed1,0.0,refuse_both,33,example-testing,density_nontest,0.010001000100010001,0.0,0.030003000300030003
qwen3_4b,steer_actions,real,baseline_seed1,0.0,refuse_both,33,example-testing,density_testlex,0.010001000100010001,0.0,0.030003000300030003
qwen3_4b,steer_actions,real,baseline_seed1,0.0,refuse_both,33,uncertainty-estimation,density,-0.038486653470033105,-0.29109542671010713,0.22287601970842186
qwen3_4b,steer_actions,real,baseline_seed1,0.0,refuse_both,33,uncertainty-estimation,density_nontest,0.006366150827202655,-0.22739494090474022,0.2509249149177621
qwen3_4b,steer_actions,real,baseline_seed1,0.0,refuse_both,33,uncertainty-estimation,density_testlex,-0.04485280429723576,-0.1462659195084632,0.05712021330616897
qwen3_4b,steer_actions,real,baseline_seed1,0.0,refuse_both,33,backtracking,density,-0.06795510133881097,-0.20554264824402574,0.06925315771995992
qwen3_4b,steer_actions,real,baseline_seed1,0.0,refuse_both,33,backtracking,density_nontest,-0.06795510133881097,-0.20554264824402574,0.06925315771995992
qwen3_4b,steer_actions,real,baseline_seed1,0.0,refuse_both,33,backtracking,density_testlex,0.0,0.0,0.0
qwen3_4b,steer_actions,real,baseline_seed1,0.0,same,132,initializing,density,0.013153620266847117,-0.07622104285910981,0.09941579028881217
qwen3_4b,steer_actions,real,baseline_seed1,0.0,same,132,initializing,density_nontest,0.013153620266847117,-0.07622104285910981,0.09941579028881217
qwen3_4b,steer_actions,real,baseline_seed1,0.0,same,132,initializing,density_testlex,0.0,0.0,0.0
qwen3_4b,steer_actions,real,baseline_seed1,0.0,same,132,deduction,density,-0.2099065161253463,-0.4313156791919455,-0.0009707940918725257
qwen3_4b,steer_actions,real,baseline_seed1,0.0,same,132,deduction,density_nontest,-0.20053118052394855,-0.4272878498082127,0.01551382446324328
qwen3_4b,steer_actions,real,baseline_seed1,0.0,same,132,deduction,density_testlex,-0.009375335601397748,-0.052730280342019785,0.033108585935209815
qwen3_4b,steer_actions,real,baseline_seed1,0.0,same,132,adding-knowledge,density,0.0327701440785299,-0.13006059017322072,0.20057013095009357
qwen3_4b,steer_actions,real,baseline_seed1,0.0,same,132,adding-knowledge,density_nontest,0.02667600803016064,-0.1315333823178239,0.18689258248459392
qwen3_4b,steer_actions,real,baseline_seed1,0.0,same,132,adding-knowledge,density_testlex,0.006094136048369245,-0.011553759148867178,0.027834177364769615
qwen3_4b,steer_actions,real,baseline_seed1,0.0,same,132,example-testing,density,-0.006899161493135469,-0.10064789716422626,0.09786643048313685
qwen3_4b,steer_actions,real,baseline_seed1,0.0,same,132,example-testing,density_nontest,-0.007209886207225375,-0.10130912182496414,0.09537778667456254
qwen3_4b,steer_actions,real,baseline_seed1,0.0,same,132,example-testing,density_testlex,0.00031072471408990593,-0.006568575932737783,0.007500750075007501
qwen3_4b,steer_actions,real,baseline_seed1,0.0,same,132,uncertainty-estimation,density,0.03450644661966674,-0.093646533941455,0.15540991413736205
qwen3_4b,steer_actions,real,baseline_seed1,0.0,same,132,uncertainty-estimation,density_nontest,0.0490586612189068,-0.07169632674844927,0.16804644429971696
qwen3_4b,steer_actions,real,baseline_seed1,0.0,same,132,uncertainty-estimation,density_testlex,-0.014552214599240087,-0.06059287243998608,0.02805882539419248
qwen3_4b,steer_actions,real,baseline_seed1,0.0,same,132,backtracking,density,-0.012568442686006905,-0.09622034310385064,0.06738588065776939
qwen3_4b,steer_actions,real,baseline_seed1,0.0,same,132,backtracking,density_nontest,-0.010655836263361524,-0.09390517906486438,0.06891478446368152
qwen3_4b,steer_actions,real,baseline_seed1,0.0,same,132,backtracking,density_testlex,-0.0019126064226453801,-0.008483300736821865,0.004826733550137805
