model,family,framing,arm,signed_alpha,flip_class,n,behaviour,delta_density,ci_lo,ci_hi
deepseek_qwen,actions,fake,alpha0.05_aware,0.05,gained,26,initializing,-0.15593390733424056,-0.25413209922258506,-0.05954315201520792
deepseek_qwen,actions,fake,alpha0.05_aware,0.05,gained,26,deduction,0.06244932330236696,-0.32688624904642755,0.45107763964247666
deepseek_qwen,actions,fake,alpha0.05_aware,0.05,gained,26,adding-knowledge,-0.31983784336115745,-0.6258178323121937,-0.003787414582754854
deepseek_qwen,actions,fake,alpha0.05_aware,0.05,gained,26,example-testing,0.15359959477262095,0.02779171039589536,0.3167028551596699
deepseek_qwen,actions,fake,alpha0.05_aware,0.05,gained,26,uncertainty-estimation,-0.2095116857116001,-0.4720308221625755,0.03899241125638836
deepseek_qwen,actions,fake,alpha0.05_aware,0.05,gained,26,backtracking,0.018759185564212272,-0.08326884973754692,0.11214616245865186
deepseek_qwen,actions,fake,alpha0.05_aware,0.05,same,119,initializing,0.0221613972500144,-0.043848572664163,0.0943838620056188
deepseek_qwen,actions,fake,alpha0.05_aware,0.05,same,119,deduction,-0.050550273815221786,-0.23530933423853706,0.13975223572488701
deepseek_qwen,actions,fake,alpha0.05_aware,0.05,same,119,adding-knowledge,-0.04898266795397257,-0.18988419138113954,0.08249316229667376
deepseek_qwen,actions,fake,alpha0.05_aware,0.05,same,119,example-testing,-0.02393196869142649,-0.07713997911088714,0.027595984458343763
deepseek_qwen,actions,fake,alpha0.05_aware,0.05,same,119,uncertainty-estimation,0.139084323990088,0.026866843869325144,0.2529434106685911
deepseek_qwen,actions,fake,alpha0.05_aware,0.05,same,119,backtracking,-0.007214866285412775,-0.05738384006849531,0.0426235133307516
deepseek_qwen,actions,fake,alpha0.07_aware,0.07,gained,31,initializing,-0.1592972544020992,-0.25710997029195254,-0.06395495748494198
deepseek_qwen,actions,fake,alpha0.07_aware,0.07,gained,31,deduction,0.27420124969031306,-0.19709818366764156,0.6976426153880614
deepseek_qwen,actions,fake,alpha0.07_aware,0.07,gained,31,adding-knowledge,-0.3682147547775689,-0.6612054862894976,-0.08230760234135794
deepseek_qwen,actions,fake,alpha0.07_aware,0.07,gained,31,example-testing,0.1912276587796989,0.0983808612291515,0.3014348610667581
deepseek_qwen,actions,fake,alpha0.07_aware,0.07,gained,31,uncertainty-estimation,-0.5484490735261425,-0.7830221469764704,-0.3283096205910246
deepseek_qwen,actions,fake,alpha0.07_aware,0.07,gained,31,backtracking,-0.047173791699068005,-0.1281619494738287,0.029223127909028885
deepseek_qwen,actions,fake,alpha0.07_aware,0.07,same,114,initializing,-0.07074286359247459,-0.1375084313323179,-0.003158023896666782
deepseek_qwen,actions,fake,alpha0.07_aware,0.07,same,114,deduction,-0.3843230889990782,-0.6059646653019382,-0.14077980126114661
deepseek_qwen,actions,fake,alpha0.07_aware,0.07,same,114,adding-knowledge,0.10394917828590126,-0.05772976405426825,0.263534840841297
deepseek_qwen,actions,fake,alpha0.07_aware,0.07,same,114,example-testing,-0.0433229652960853,-0.09819471192146118,0.011412419468925879
deepseek_qwen,actions,fake,alpha0.07_aware,0.07,same,114,uncertainty-estimation,0.0942919107575847,-0.029586827845187066,0.20657418889326176
deepseek_qwen,actions,fake,alpha0.07_aware,0.07,same,114,backtracking,-0.023973801449833885,-0.07155205788761908,0.024193003185725207
deepseek_qwen,actions,fake,alpha0.25,-0.25,gained,5,initializing,-0.09294159850512958,-0.4524230203374448,0.1508322235096793
deepseek_qwen,actions,fake,alpha0.25,-0.25,gained,5,deduction,-0.03215261921907011,-0.8778780769634699,0.6804910288035748
deepseek_qwen,actions,fake,alpha0.25,-0.25,gained,5,adding-knowledge,-0.3476683450586048,-1.4483008241832915,0.7911549152595653
deepseek_qwen,actions,fake,alpha0.25,-0.25,gained,5,example-testing,0.10330667440826824,-0.20374054339409828,0.5462966417413272
deepseek_qwen,actions,fake,alpha0.25,-0.25,gained,5,uncertainty-estimation,-0.1433079391529112,-0.9777952961437141,0.6911794178378916
deepseek_qwen,actions,fake,alpha0.25,-0.25,gained,5,backtracking,-0.06860148716159083,-0.37058012673241936,0.2333771524092377
deepseek_qwen,actions,fake,alpha0.25,-0.25,lost,12,initializing,0.07733702402738946,-0.12800967216443526,0.2569533964429145
deepseek_qwen,actions,fake,alpha0.25,-0.25,lost,12,deduction,-0.41603871029728823,-0.8100399382746027,-0.04266322653310459
deepseek_qwen,actions,fake,alpha0.25,-0.25,lost,12,adding-knowledge,0.26156251388205076,-0.08272908183558851,0.6356673836016581
deepseek_qwen,actions,fake,alpha0.25,-0.25,lost,12,example-testing,0.1090999402985509,-0.08781825981154717,0.29425872713601736
deepseek_qwen,actions,fake,alpha0.25,-0.25,lost,12,uncertainty-estimation,0.5002033223127899,0.06009721588571823,0.9759294060631798
deepseek_qwen,actions,fake,alpha0.25,-0.25,lost,12,backtracking,-0.12928001109813844,-0.22209631761852935,-0.04654387076681895
deepseek_qwen,actions,fake,alpha0.25,-0.25,same,131,initializing,-0.02948813337624817,-0.08871297894903396,0.0309717337871087
deepseek_qwen,actions,fake,alpha0.25,-0.25,same,131,deduction,0.0701533131798165,-0.12157203981224737,0.25852495584883955
deepseek_qwen,actions,fake,alpha0.25,-0.25,same,131,adding-knowledge,-0.034907218071860695,-0.18188950663611728,0.10795844308422613
deepseek_qwen,actions,fake,alpha0.25,-0.25,same,131,example-testing,0.028698099773605656,-0.037846714885760226,0.09440360309446194
deepseek_qwen,actions,fake,alpha0.25,-0.25,same,131,uncertainty-estimation,0.010804845706177115,-0.08506052362950141,0.10980241053609205
deepseek_qwen,actions,fake,alpha0.25,-0.25,same,131,backtracking,0.0049880983364950756,-0.04545154991692919,0.0529943315600718
deepseek_qwen,actions,fake,alpha0.3,-0.3,lost,10,initializing,-0.016968820391173377,-0.26597000172802016,0.22251476863996542
deepseek_qwen,actions,fake,alpha0.3,-0.3,lost,10,deduction,-0.7990262371269787,-1.6094695814442175,-0.21624243668531593
deepseek_qwen,actions,fake,alpha0.3,-0.3,lost,10,adding-knowledge,0.6194836931266147,0.2159889088541312,1.080465784771549
deepseek_qwen,actions,fake,alpha0.3,-0.3,lost,10,example-testing,0.15619884492463476,-0.12940894010825912,0.4647040572936203
deepseek_qwen,actions,fake,alpha0.3,-0.3,lost,10,uncertainty-estimation,0.5692654043254074,0.06060801176091659,1.117696804768141
deepseek_qwen,actions,fake,alpha0.3,-0.3,lost,10,backtracking,-0.027621301673588637,-0.20039128999910372,0.17981469005540754
deepseek_qwen,actions,fake,alpha0.3,-0.3,same,135,initializing,-0.04405514869622376,-0.10091001191239021,0.017253054736280377
deepseek_qwen,actions,fake,alpha0.3,-0.3,same,135,deduction,0.1248900807360058,-0.06355032552772809,0.322197909224837
deepseek_qwen,actions,fake,alpha0.3,-0.3,same,135,adding-knowledge,-0.012517434105076865,-0.16682748380522908,0.12210195929318737
deepseek_qwen,actions,fake,alpha0.3,-0.3,same,135,example-testing,0.0034562054699130975,-0.04520046351324252,0.054529693217966135
deepseek_qwen,actions,fake,alpha0.3,-0.3,same,135,uncertainty-estimation,-0.05174798403137873,-0.14791029124383426,0.04093877268363474
deepseek_qwen,actions,fake,alpha0.3,-0.3,same,135,backtracking,0.019940957294003827,-0.02834431663882974,0.06545487020137478
deepseek_qwen,actions,fake,alpha0.35,-0.35,lost,12,initializing,0.12101968849589824,-0.12651356926549767,0.40193176143481674
deepseek_qwen,actions,fake,alpha0.35,-0.35,lost,12,deduction,-0.5664320947303269,-1.0909515436166912,-0.07073144599052195
deepseek_qwen,actions,fake,alpha0.35,-0.35,lost,12,adding-knowledge,0.3156105693888766,-0.11582252360106925,0.7859472773383032
deepseek_qwen,actions,fake,alpha0.35,-0.35,lost,12,example-testing,-0.09504402486844865,-0.26223812188696943,0.05254222901281724
deepseek_qwen,actions,fake,alpha0.35,-0.35,lost,12,uncertainty-estimation,0.3928391695308702,0.000944302850237472,0.7512463560326895
deepseek_qwen,actions,fake,alpha0.35,-0.35,lost,12,backtracking,0.020242185561286822,-0.1470464004140128,0.19125248850061616
deepseek_qwen,actions,fake,alpha0.35,-0.35,same,133,initializing,-0.044973355303414383,-0.09708431052037707,0.008602680665015008
deepseek_qwen,actions,fake,alpha0.35,-0.35,same,133,deduction,0.14904343597700376,-0.03383271794254228,0.33322302428923667
deepseek_qwen,actions,fake,alpha0.35,-0.35,same,133,adding-knowledge,-0.07629816985470392,-0.21100397756489145,0.04899822079371506
deepseek_qwen,actions,fake,alpha0.35,-0.35,same,133,example-testing,-0.022700160515807127,-0.07170941744244484,0.029623869502366146
deepseek_qwen,actions,fake,alpha0.35,-0.35,same,133,uncertainty-estimation,-0.04978177865477656,-0.15777893003901916,0.05823481597439826
deepseek_qwen,actions,fake,alpha0.35,-0.35,same,133,backtracking,0.02287563705467481,-0.029585938987324048,0.08679711014137066
deepseek_qwen,actions,real,alpha0.05_aware,0.05,gained,10,initializing,-0.0961199539194972,-0.2802161524567247,0.07214627846722702
deepseek_qwen,actions,real,alpha0.05_aware,0.05,gained,10,deduction,-0.12351562935328327,-0.8332610114686158,0.4902794799820972
deepseek_qwen,actions,real,alpha0.05_aware,0.05,gained,10,adding-knowledge,-0.07785872835219917,-0.618870138480764,0.4508035589417284
deepseek_qwen,actions,real,alpha0.05_aware,0.05,gained,10,example-testing,0.19111049172114836,-0.023952691315937573,0.41454272644864903
deepseek_qwen,actions,real,alpha0.05_aware,0.05,gained,10,uncertainty-estimation,-0.21436617717821468,-0.6436489877069208,0.16494434551024265
deepseek_qwen,actions,real,alpha0.05_aware,0.05,gained,10,backtracking,0.14893479221357628,0.04385055746551598,0.27451608233165
deepseek_qwen,actions,real,alpha0.05_aware,0.05,same,135,initializing,0.005054397161781928,-0.053569881219640514,0.06715842186668942
deepseek_qwen,actions,real,alpha0.05_aware,0.05,same,135,deduction,0.024253360395447492,-0.15284925121800752,0.2061265899071034
deepseek_qwen,actions,real,alpha0.05_aware,0.05,same,135,adding-knowledge,-0.077933228258869,-0.22398992440994758,0.07180025561034223
deepseek_qwen,actions,real,alpha0.05_aware,0.05,same,135,example-testing,-0.012129182399156859,-0.047774182181695365,0.025010759686508635
deepseek_qwen,actions,real,alpha0.05_aware,0.05,same,135,uncertainty-estimation,0.1249136031320527,0.03597757722982739,0.21999898135887894
deepseek_qwen,actions,real,alpha0.05_aware,0.05,same,135,backtracking,0.0019013971703440973,-0.044001613582827476,0.048004167430537426
deepseek_qwen,actions,real,alpha0.07_aware,0.07,gained,26,initializing,-0.016253185742786662,-0.15633426124908933,0.1268770997909368
deepseek_qwen,actions,real,alpha0.07_aware,0.07,gained,26,deduction,-0.38461177027182486,-0.8055871122489499,0.01576255855453331
deepseek_qwen,actions,real,alpha0.07_aware,0.07,gained,26,adding-knowledge,-0.48129737564995023,-0.8043330421600609,-0.13165040769497158
deepseek_qwen,actions,real,alpha0.07_aware,0.07,gained,26,example-testing,0.11893958543355325,-0.0028669417990177123,0.26594428464205166
deepseek_qwen,actions,real,alpha0.07_aware,0.07,gained,26,uncertainty-estimation,-0.025781765173652358,-0.317489899975372,0.27058916011968837
deepseek_qwen,actions,real,alpha0.07_aware,0.07,gained,26,backtracking,0.05678174982378981,-0.08442474055287676,0.18954225179596315
deepseek_qwen,actions,real,alpha0.07_aware,0.07,same,119,initializing,-0.012498170960363156,-0.07198799736445226,0.05230148153860022
deepseek_qwen,actions,real,alpha0.07_aware,0.07,same,119,deduction,-0.07000984842229997,-0.2698895859693214,0.11998393229123834
deepseek_qwen,actions,real,alpha0.07_aware,0.07,same,119,adding-knowledge,-0.05648116757167866,-0.20581693435982643,0.09259531438011243
deepseek_qwen,actions,real,alpha0.07_aware,0.07,same,119,example-testing,0.014710103017383203,-0.027814956282529245,0.05987492913588843
deepseek_qwen,actions,real,alpha0.07_aware,0.07,same,119,uncertainty-estimation,0.20345361380153193,0.10077626456282265,0.3069269556190171
deepseek_qwen,actions,real,alpha0.07_aware,0.07,same,119,backtracking,0.07372586956767191,0.024886543745418304,0.1276758483868746
deepseek_qwen,actions,real,alpha0.25,-0.25,same,141,initializing,0.007301395990530513,-0.05007389744707998,0.07403045894789125
deepseek_qwen,actions,real,alpha0.25,-0.25,same,141,deduction,0.12084131588943715,-0.05231765007749352,0.291616029493915
deepseek_qwen,actions,real,alpha0.25,-0.25,same,141,adding-knowledge,-0.1485540907762808,-0.2766589001994404,-0.020362306710315147
deepseek_qwen,actions,real,alpha0.25,-0.25,same,141,example-testing,0.016030700289476663,-0.021852650299529694,0.05238875098106026
deepseek_qwen,actions,real,alpha0.25,-0.25,same,141,uncertainty-estimation,-0.02505045291032889,-0.11454015204758165,0.06480543464123027
deepseek_qwen,actions,real,alpha0.25,-0.25,same,141,backtracking,-0.0034211701920129085,-0.04933372716665186,0.03974287902175309
deepseek_qwen,actions,real,alpha0.3,-0.3,lost,5,initializing,0.0016172490122899675,-0.40425727422541724,0.2921971147194449
deepseek_qwen,actions,real,alpha0.3,-0.3,lost,5,deduction,0.5282209677738577,-0.6923611225519268,2.07478616053044
deepseek_qwen,actions,real,alpha0.3,-0.3,lost,5,adding-knowledge,0.18821391845511753,-0.10656422164161254,0.4496112430563163
deepseek_qwen,actions,real,alpha0.3,-0.3,lost,5,example-testing,0.17170847900860922,-0.15151515151515152,0.5741890259382145
deepseek_qwen,actions,real,alpha0.3,-0.3,lost,5,uncertainty-estimation,0.05997977726556943,-0.7563893985227975,0.662569739607517
deepseek_qwen,actions,real,alpha0.3,-0.3,lost,5,backtracking,-0.11316526610644258,-0.22745098039215686,0.0
deepseek_qwen,actions,real,alpha0.3,-0.3,same,142,initializing,0.05368338080571772,-0.017153370504115754,0.12515959316225245
deepseek_qwen,actions,real,alpha0.3,-0.3,same,142,deduction,0.14545847063095585,-0.030552867238005148,0.32310222446395276
deepseek_qwen,actions,real,alpha0.3,-0.3,same,142,adding-knowledge,-0.18411900666069372,-0.3131932475163868,-0.05692170850378712
deepseek_qwen,actions,real,alpha0.3,-0.3,same,142,example-testing,0.03103017087398887,-0.01018090806921995,0.07421735048453848
deepseek_qwen,actions,real,alpha0.3,-0.3,same,142,uncertainty-estimation,-0.01619412894443582,-0.1076146232189409,0.07373500573741086
deepseek_qwen,actions,real,alpha0.3,-0.3,same,142,backtracking,-0.008946476801380982,-0.052957335338880834,0.03245727693586407
deepseek_qwen,actions,real,alpha0.35,-0.35,lost,6,initializing,0.20452793068877942,0.039265627834031876,0.4359700914550663
deepseek_qwen,actions,real,alpha0.35,-0.35,lost,6,deduction,-0.023541277203772564,-0.6099384561005072,0.5482150634466869
deepseek_qwen,actions,real,alpha0.35,-0.35,lost,6,adding-knowledge,0.8804735462057952,0.39650813447896377,1.4098877220035309
deepseek_qwen,actions,real,alpha0.35,-0.35,lost,6,example-testing,-0.12358187842809192,-0.3278018278018278,0.027487517795090805
deepseek_qwen,actions,real,alpha0.35,-0.35,lost,6,uncertainty-estimation,-0.14069091296539996,-0.5803742275465408,0.19276705207151246
deepseek_qwen,actions,real,alpha0.35,-0.35,lost,6,backtracking,-0.2524490106234278,-0.5834157207398175,-0.02700340927272951
deepseek_qwen,actions,real,alpha0.35,-0.35,same,141,initializing,0.02452431370073922,-0.039809912759145014,0.08946209134110394
deepseek_qwen,actions,real,alpha0.35,-0.35,same,141,deduction,0.19328808006628978,0.02475289817729178,0.3713388796447965
deepseek_qwen,actions,real,alpha0.35,-0.35,same,141,adding-knowledge,-0.14421572973689795,-0.2760949650044161,-0.017780902065662976
deepseek_qwen,actions,real,alpha0.35,-0.35,same,141,example-testing,-0.004119888902418959,-0.041713383398372925,0.03284885231153626
deepseek_qwen,actions,real,alpha0.35,-0.35,same,141,uncertainty-estimation,0.019416784607109418,-0.07751277580860116,0.12087286782138015
deepseek_qwen,actions,real,alpha0.35,-0.35,same,141,backtracking,-0.0010867850130185663,-0.04722682867729472,0.04240566096369362
deepseek_qwen,actions_sampling,fake,alpha0.07_aware,0.07,gained,35,initializing,0.007614183301146368,-0.1197583170688085,0.13494535586489675
deepseek_qwen,actions_sampling,fake,alpha0.07_aware,0.07,gained,35,deduction,0.022264874344024146,-0.4635039925557235,0.49151235804405563
deepseek_qwen,actions_sampling,fake,alpha0.07_aware,0.07,gained,35,adding-knowledge,-0.3162423087812222,-0.6333977380501065,-0.009784015185932403
deepseek_qwen,actions_sampling,fake,alpha0.07_aware,0.07,gained,35,example-testing,0.2188896726066385,0.10075396271274618,0.35041199358210373
deepseek_qwen,actions_sampling,fake,alpha0.07_aware,0.07,gained,35,uncertainty-estimation,-0.2690540642439461,-0.488780594740303,-0.054550711198853345
deepseek_qwen,actions_sampling,fake,alpha0.07_aware,0.07,gained,35,backtracking,-0.03817962476710423,-0.21009184958027774,0.09908008645865046
deepseek_qwen,actions_sampling,fake,alpha0.07_aware,0.07,lost,6,initializing,0.16973721360648975,-0.02249442744686338,0.4307279311969068
deepseek_qwen,actions_sampling,fake,alpha0.07_aware,0.07,lost,6,deduction,-0.2715633142895502,-1.3964602530195411,0.7861105462227508
deepseek_qwen,actions_sampling,fake,alpha0.07_aware,0.07,lost,6,adding-knowledge,-0.09655101590230573,-1.2164458721867664,0.8281408514377417
deepseek_qwen,actions_sampling,fake,alpha0.07_aware,0.07,lost,6,example-testing,-0.4603469822458941,-1.3078046093645381,0.0
deepseek_qwen,actions_sampling,fake,alpha0.07_aware,0.07,lost,6,uncertainty-estimation,0.8509569604602584,0.2837977296181631,1.4181161913023537
deepseek_qwen,actions_sampling,fake,alpha0.07_aware,0.07,lost,6,backtracking,0.08771929824561403,0.0,0.2631578947368421
deepseek_qwen,actions_sampling,fake,alpha0.07_aware,0.07,same,108,initializing,0.049836039283144666,-0.04495093010322582,0.1466240727268045
deepseek_qwen,actions_sampling,fake,alpha0.07_aware,0.07,same,108,deduction,-0.39204134669991547,-0.6168652607696816,-0.16332135553827223
deepseek_qwen,actions_sampling,fake,alpha0.07_aware,0.07,same,108,adding-knowledge,0.004402660311688007,-0.192947668708635,0.19327500910965884
deepseek_qwen,actions_sampling,fake,alpha0.07_aware,0.07,same,108,example-testing,0.01876341948762293,-0.041143816336153397,0.08155298115482634
deepseek_qwen,actions_sampling,fake,alpha0.07_aware,0.07,same,108,uncertainty-estimation,0.07945757395362543,-0.033671420012150614,0.19699219619176528
deepseek_qwen,actions_sampling,fake,alpha0.07_aware,0.07,same,108,backtracking,0.011484415347837671,-0.03595049741125468,0.05730826530756148
deepseek_qwen,actions_sampling,fake,alpha0.35,-0.35,gained,11,initializing,0.04570736396602429,-0.28886752133164784,0.43948473736452587
deepseek_qwen,actions_sampling,fake,alpha0.35,-0.35,gained,11,deduction,0.6034260462659305,-0.0820016920211537,1.3573413978946922
deepseek_qwen,actions_sampling,fake,alpha0.35,-0.35,gained,11,adding-knowledge,-0.3929348641157866,-0.9857374814695637,0.33341996330547147
deepseek_qwen,actions_sampling,fake,alpha0.35,-0.35,gained,11,example-testing,0.10123336972381734,-0.03292153648250123,0.24493490232402867
deepseek_qwen,actions_sampling,fake,alpha0.35,-0.35,gained,11,uncertainty-estimation,-0.14882706899487863,-0.6476430425352547,0.28917140374740147
deepseek_qwen,actions_sampling,fake,alpha0.35,-0.35,gained,11,backtracking,-0.1830507784234012,-0.35780616848244295,-0.008335419633596736
deepseek_qwen,actions_sampling,fake,alpha0.35,-0.35,lost,7,initializing,-0.1430148964960461,-0.2853846875051216,0.013661631319441458
deepseek_qwen,actions_sampling,fake,alpha0.35,-0.35,lost,7,deduction,-0.20406932888645382,-1.0801624031803725,0.6043005397805425
deepseek_qwen,actions_sampling,fake,alpha0.35,-0.35,lost,7,adding-knowledge,0.3258649073010453,-0.4720602053699482,1.0277257583996744
deepseek_qwen,actions_sampling,fake,alpha0.35,-0.35,lost,7,example-testing,-0.3235135862254506,-1.0895883777239708,0.11904761904761905
deepseek_qwen,actions_sampling,fake,alpha0.35,-0.35,lost,7,uncertainty-estimation,0.5256899912420232,0.23037609622725755,0.820288766905657
deepseek_qwen,actions_sampling,fake,alpha0.35,-0.35,lost,7,backtracking,0.32760618099905603,0.07936507936507937,0.6306873478613024
deepseek_qwen,actions_sampling,fake,alpha0.35,-0.35,same,70,initializing,0.11265491061087728,0.004558536836736418,0.22227251747980972
deepseek_qwen,actions_sampling,fake,alpha0.35,-0.35,same,70,deduction,0.19716946250437553,-0.07550834130126861,0.46842924051408036
deepseek_qwen,actions_sampling,fake,alpha0.35,-0.35,same,70,adding-knowledge,0.006191077915539266,-0.2511543233105822,0.24242720070227644
deepseek_qwen,actions_sampling,fake,alpha0.35,-0.35,same,70,example-testing,0.021871908223262435,-0.03565630845813484,0.07658930618950612
deepseek_qwen,actions_sampling,fake,alpha0.35,-0.35,same,70,uncertainty-estimation,0.015761685055417467,-0.14274894673424746,0.1702737814125433
deepseek_qwen,actions_sampling,fake,alpha0.35,-0.35,same,70,backtracking,-0.0037747848783914162,-0.10095969991334605,0.07663135484503689
deepseek_qwen,actions_sampling,real,alpha0.07_aware,0.07,gained,20,initializing,-0.07852429816730147,-0.277932325976751,0.1220441055433832
deepseek_qwen,actions_sampling,real,alpha0.07_aware,0.07,gained,20,deduction,0.4624714203241421,0.06200767481431291,0.8721440704405793
deepseek_qwen,actions_sampling,real,alpha0.07_aware,0.07,gained,20,adding-knowledge,-0.16033675487281698,-0.48967253080811346,0.17474275469461353
deepseek_qwen,actions_sampling,real,alpha0.07_aware,0.07,gained,20,example-testing,0.08927917467182703,-0.08774738485978542,0.2600250104817689
deepseek_qwen,actions_sampling,real,alpha0.07_aware,0.07,gained,20,uncertainty-estimation,-0.49277931701875355,-0.767809975835936,-0.21250976997681337
deepseek_qwen,actions_sampling,real,alpha0.07_aware,0.07,gained,20,backtracking,-0.06843056725952676,-0.17334399234643846,0.035443833541316354
deepseek_qwen,actions_sampling,real,alpha0.07_aware,0.07,lost,7,initializing,0.18743357041159062,-0.03981260530475683,0.4111936815428359
deepseek_qwen,actions_sampling,real,alpha0.07_aware,0.07,lost,7,deduction,-0.6477105610423541,-1.4927053637947243,0.13261152931727088
deepseek_qwen,actions_sampling,real,alpha0.07_aware,0.07,lost,7,adding-knowledge,0.3715914065452872,-0.26947806986616896,1.0892773897760617
deepseek_qwen,actions_sampling,real,alpha0.07_aware,0.07,lost,7,example-testing,-0.22440192002217937,-0.4148400942504197,-0.06105006105006105
deepseek_qwen,actions_sampling,real,alpha0.07_aware,0.07,lost,7,uncertainty-estimation,0.24477719590060493,-0.11073985335609511,0.6321748088799736
deepseek_qwen,actions_sampling,real,alpha0.07_aware,0.07,lost,7,backtracking,0.07757581864594344,-0.10228435049437436,0.29679772561915657
deepseek_qwen,actions_sampling,real,alpha0.07_aware,0.07,same,121,initializing,-0.07273168015366802,-0.14495337923292698,-0.0011433033128253878
deepseek_qwen,actions_sampling,real,alpha0.07_aware,0.07,same,121,deduction,-0.009444865459986287,-0.2044848090833923,0.18223536338111285
deepseek_qwen,actions_sampling,real,alpha0.07_aware,0.07,same,121,adding-knowledge,-0.020480805090447734,-0.18178878042166735,0.1413954365382584
deepseek_qwen,actions_sampling,real,alpha0.07_aware,0.07,same,121,example-testing,0.052481987970786896,0.008634676594385948,0.10014094240958347
deepseek_qwen,actions_sampling,real,alpha0.07_aware,0.07,same,121,uncertainty-estimation,0.08965710476810482,-0.01671227132958046,0.1944927146336669
deepseek_qwen,actions_sampling,real,alpha0.07_aware,0.07,same,121,backtracking,-0.015324848291704657,-0.0741657897909822,0.04158970895740226
deepseek_qwen,actions_sampling,real,alpha0.35,-0.35,gained,9,initializing,0.15528372158979087,-0.171685057033543,0.5905072585441412
deepseek_qwen,actions_sampling,real,alpha0.35,-0.35,gained,9,deduction,-0.05747645012658634,-0.8976847264388386,0.6394544475406797
deepseek_qwen,actions_sampling,real,alpha0.35,-0.35,gained,9,adding-knowledge,-0.16471820715279772,-0.9227392175844931,0.6975435506760831
deepseek_qwen,actions_sampling,real,alpha0.35,-0.35,gained,9,example-testing,0.1334114628626607,-0.04224565829414365,0.34083179594165985
deepseek_qwen,actions_sampling,real,alpha0.35,-0.35,gained,9,uncertainty-estimation,-0.4748243779562217,-0.9323557167241121,0.03563274760787284
deepseek_qwen,actions_sampling,real,alpha0.35,-0.35,gained,9,backtracking,-0.05583177569116815,-0.2760568319509231,0.14592395631825394
deepseek_qwen,actions_sampling,real,alpha0.35,-0.35,lost,7,initializing,0.24602427136289123,-0.208869499448484,0.7152442476114669
deepseek_qwen,actions_sampling,real,alpha0.35,-0.35,lost,7,deduction,-0.2947993255257426,-1.2271858037084098,0.5420959054271113
deepseek_qwen,actions_sampling,real,alpha0.35,-0.35,lost,7,adding-knowledge,0.22890522706481775,-0.17656409849309754,0.5769101394709687
deepseek_qwen,actions_sampling,real,alpha0.35,-0.35,lost,7,example-testing,-0.01947478274825149,-0.18315018315018314,0.12948736621389748
deepseek_qwen,actions_sampling,real,alpha0.35,-0.35,lost,7,uncertainty-estimation,0.12061747295485373,-0.1511265543371037,0.4131724654711271
deepseek_qwen,actions_sampling,real,alpha0.35,-0.35,lost,7,backtracking,-0.034896573434854555,-0.20324346205419266,0.1750843539945269
deepseek_qwen,actions_sampling,real,alpha0.35,-0.35,same,72,initializing,-0.0033985714889973595,-0.09158432500178049,0.09106492581341907
deepseek_qwen,actions_sampling,real,alpha0.35,-0.35,same,72,deduction,0.4528274396864723,0.15561885516712623,0.7631584797419211
deepseek_qwen,actions_sampling,real,alpha0.35,-0.35,same,72,adding-knowledge,-0.03891376197951562,-0.281518573721343,0.1914575714799923
deepseek_qwen,actions_sampling,real,alpha0.35,-0.35,same,72,example-testing,0.016577171923430032,-0.03896940008047043,0.07945544779320775
deepseek_qwen,actions_sampling,real,alpha0.35,-0.35,same,72,uncertainty-estimation,-0.1088748898811436,-0.23259078968757005,0.0171541314181033
deepseek_qwen,actions_sampling,real,alpha0.35,-0.35,same,72,backtracking,-0.012940933822152298,-0.07393601450417797,0.046659167326565706
qwen3,actions,fake,alpha0.043_aware,0.043,gained,15,initializing,-0.05099607170389337,-0.2637089705969682,0.15239602442170627
qwen3,actions,fake,alpha0.043_aware,0.043,gained,15,deduction,0.2907654420907116,-0.31117649225083727,0.838794375643738
qwen3,actions,fake,alpha0.043_aware,0.043,gained,15,adding-knowledge,-0.5795326260838572,-1.1355766724373717,-0.055842001453568414
qwen3,actions,fake,alpha0.043_aware,0.043,gained,15,example-testing,0.45624338759735034,0.20301078841243628,0.7396554436675513
qwen3,actions,fake,alpha0.043_aware,0.043,gained,15,uncertainty-estimation,0.025444683485435327,-0.17746905081792327,0.24407352106687796
qwen3,actions,fake,alpha0.043_aware,0.043,gained,15,backtracking,-0.050336360013048226,-0.21300189726028748,0.11907405002689446
qwen3,actions,fake,alpha0.043_aware,0.043,lost,7,initializing,0.09031908368420816,-0.11538397507753798,0.29297579837114424
qwen3,actions,fake,alpha0.043_aware,0.043,lost,7,deduction,0.0018238657928538262,-0.4494722491078386,0.3734611465874242
qwen3,actions,fake,alpha0.043_aware,0.043,lost,7,adding-knowledge,-0.13406565050313973,-0.7227301952547394,0.5144451499874716
qwen3,actions,fake,alpha0.043_aware,0.043,lost,7,example-testing,-0.3972341540399617,-0.9160833117275949,-0.0429000429000429
qwen3,actions,fake,alpha0.043_aware,0.043,lost,7,uncertainty-estimation,0.23596459989694793,-0.19400398391217966,0.6724819443252091
qwen3,actions,fake,alpha0.043_aware,0.043,lost,7,backtracking,-0.10166986273458171,-0.29841596613966503,0.13448612648310748
qwen3,actions,fake,alpha0.043_aware,0.043,same,126,initializing,-0.005964179309620031,-0.08241527741228066,0.06983440348297236
qwen3,actions,fake,alpha0.043_aware,0.043,same,126,deduction,-0.06915201195853257,-0.2823318742086767,0.161251863656376
qwen3,actions,fake,alpha0.043_aware,0.043,same,126,adding-knowledge,-0.1487184284547028,-0.318772679175384,0.03310838520400163
qwen3,actions,fake,alpha0.043_aware,0.043,same,126,example-testing,-0.013843740814239537,-0.06451848845928242,0.040815638661325385
qwen3,actions,fake,alpha0.043_aware,0.043,same,126,uncertainty-estimation,0.1281754931441058,0.0226611499244932,0.2262789796428161
qwen3,actions,fake,alpha0.043_aware,0.043,same,126,backtracking,-0.027146386829261727,-0.07612651892964165,0.018078890902122086
qwen3,actions,fake,alpha0.053_aware,0.053,gained,9,initializing,0.2621431814534694,-0.20006991371822883,0.9625998606672146
qwen3,actions,fake,alpha0.053_aware,0.053,gained,9,deduction,-0.1689819250457676,-0.9167112488809405,0.5191622408625984
qwen3,actions,fake,alpha0.053_aware,0.053,gained,9,adding-knowledge,-0.003967676584444647,-0.5575151422512039,0.6580930288717002
qwen3,actions,fake,alpha0.053_aware,0.053,gained,9,example-testing,0.3782509196812467,0.10781813182851471,0.6838384484170598
qwen3,actions,fake,alpha0.053_aware,0.053,gained,9,uncertainty-estimation,0.06773405040387649,-0.3661872156484689,0.5405251746468108
qwen3,actions,fake,alpha0.053_aware,0.053,gained,9,backtracking,0.04466252264604247,-0.21409080038894426,0.2876521228171687
qwen3,actions,fake,alpha0.053_aware,0.053,same,127,initializing,-0.02326653715290267,-0.1001267599159924,0.055567754137893055
qwen3,actions,fake,alpha0.053_aware,0.053,same,127,deduction,0.005579042385286549,-0.2209240663981502,0.22440670229819284
qwen3,actions,fake,alpha0.053_aware,0.053,same,127,adding-knowledge,-0.26125965599594275,-0.4427761484988886,-0.103181131898957
qwen3,actions,fake,alpha0.053_aware,0.053,same,127,example-testing,-0.05675979794770009,-0.12052194732155816,0.00034331215573363705
qwen3,actions,fake,alpha0.053_aware,0.053,same,127,uncertainty-estimation,0.09034071479203253,-0.02013349607508018,0.20291856130469638
qwen3,actions,fake,alpha0.053_aware,0.053,same,127,backtracking,0.013627694510812846,-0.03697726037440299,0.06563481214403323
qwen3,actions,fake,alpha0.05_aware,0.05,gained,16,initializing,-0.02004318981521893,-0.17789610217266982,0.16934683379276214
qwen3,actions,fake,alpha0.05_aware,0.05,gained,16,deduction,0.6049786032167683,-0.06183594995216466,1.2704949253209445
qwen3,actions,fake,alpha0.05_aware,0.05,gained,16,adding-knowledge,-0.7837193764840095,-1.3739430370070116,-0.22410241052117158
qwen3,actions,fake,alpha0.05_aware,0.05,gained,16,example-testing,0.13359900939094638,-0.009880074944985152,0.2957870626652732
qwen3,actions,fake,alpha0.05_aware,0.05,gained,16,uncertainty-estimation,0.23884461305267196,-0.053828722333453406,0.5587606838185157
qwen3,actions,fake,alpha0.05_aware,0.05,gained,16,backtracking,0.028831173402019475,-0.14093642704479709,0.21296586000168818
qwen3,actions,fake,alpha0.05_aware,0.05,lost,7,initializing,0.10805169986902022,-0.1218586051974738,0.3715362015345953
qwen3,actions,fake,alpha0.05_aware,0.05,lost,7,deduction,0.05773008623962576,-0.5181087032281569,0.7216152226199176
qwen3,actions,fake,alpha0.05_aware,0.05,lost,7,adding-knowledge,0.10957485217915479,-0.8420111689453794,1.0522515664745369
qwen3,actions,fake,alpha0.05_aware,0.05,lost,7,example-testing,-0.5089114459498117,-0.9670656317015474,-0.1107419712070875
qwen3,actions,fake,alpha0.05_aware,0.05,lost,7,uncertainty-estimation,0.4078158263352046,0.014693722987928612,0.7407783059417954
qwen3,actions,fake,alpha0.05_aware,0.05,lost,7,backtracking,-0.3007637785207728,-0.4974589772782782,-0.11460090757529315
qwen3,actions,fake,alpha0.05_aware,0.05,same,120,initializing,-0.035732958928186606,-0.12193432012064616,0.053510928615782
qwen3,actions,fake,alpha0.05_aware,0.05,same,120,deduction,-0.02634249916197439,-0.25430802277914905,0.1886638135934978
qwen3,actions,fake,alpha0.05_aware,0.05,same,120,adding-knowledge,-0.16414819896030403,-0.3524437145621363,0.022265148985994597
qwen3,actions,fake,alpha0.05_aware,0.05,same,120,example-testing,0.02109892948795942,-0.059044057693257164,0.1025403656751053
qwen3,actions,fake,alpha0.05_aware,0.05,same,120,uncertainty-estimation,0.09690427036139253,-0.020385278243469952,0.21434594761063538
qwen3,actions,fake,alpha0.05_aware,0.05,same,120,backtracking,-0.0006438836897214602,-0.05883539677081163,0.05790891192273779
qwen3,actions,fake,alpha0.25,-0.25,gained,42,initializing,-0.1395846415524566,-0.30293650053765847,0.019997391966002566
qwen3,actions,fake,alpha0.25,-0.25,gained,42,deduction,0.008711026555013086,-0.37343447673710006,0.39444777521154245
qwen3,actions,fake,alpha0.25,-0.25,gained,42,adding-knowledge,-0.4780630360146698,-0.8271790214781722,-0.1482906179534423
qwen3,actions,fake,alpha0.25,-0.25,gained,42,example-testing,0.22184302681992266,0.1191491202762262,0.34094621794435526
qwen3,actions,fake,alpha0.25,-0.25,gained,42,uncertainty-estimation,0.2810046402206561,0.05025303607648845,0.5173137420832638
qwen3,actions,fake,alpha0.25,-0.25,gained,42,backtracking,0.017096103566642182,-0.08328551040173346,0.10936058655962355
qwen3,actions,fake,alpha0.25,-0.25,lost,7,initializing,-0.20865223716745795,-0.9180069057085192,0.2679486672671698
qwen3,actions,fake,alpha0.25,-0.25,lost,7,deduction,0.09808321380165903,-0.8169075317715644,1.2156923973525446
qwen3,actions,fake,alpha0.25,-0.25,lost,7,adding-knowledge,0.375248750600487,-0.5967830049521218,1.1380149778522806
qwen3,actions,fake,alpha0.25,-0.25,lost,7,example-testing,-0.3559081940017333,-0.722984194885392,-0.06513745440910797
qwen3,actions,fake,alpha0.25,-0.25,lost,7,uncertainty-estimation,0.3826251861552751,-0.14597446074797127,0.9066316880349695
qwen3,actions,fake,alpha0.25,-0.25,lost,7,backtracking,0.04017557384202924,-0.1233765356773093,0.19773715917804666
qwen3,actions,fake,alpha0.25,-0.25,same,99,initializing,-0.008320721375884242,-0.09597606536308677,0.08368756872688758
qwen3,actions,fake,alpha0.25,-0.25,same,99,deduction,0.007238624386826495,-0.27071306204044776,0.3005909711328544
qwen3,actions,fake,alpha0.25,-0.25,same,99,adding-knowledge,0.027161190643935282,-0.18113738762691942,0.23764796348650477
qwen3,actions,fake,alpha0.25,-0.25,same,99,example-testing,-0.015505665623653886,-0.09343610387156209,0.06971293187106649
qwen3,actions,fake,alpha0.25,-0.25,same,99,uncertainty-estimation,0.0662889150201545,-0.07274673935626536,0.20501653639640743
qwen3,actions,fake,alpha0.25,-0.25,same,99,backtracking,0.07092147765200316,-0.0005831160837568082,0.14355658895004852
qwen3,actions,fake,alpha0.3,-0.3,gained,52,initializing,-0.20197346210935319,-0.3463215746643537,-0.05583519671830843
qwen3,actions,fake,alpha0.3,-0.3,gained,52,deduction,-0.14186149519367502,-0.5213263028942181,0.22586371963054008
qwen3,actions,fake,alpha0.3,-0.3,gained,52,adding-knowledge,-0.6079708075214832,-0.9456174345577032,-0.2754124982477755
qwen3,actions,fake,alpha0.3,-0.3,gained,52,example-testing,0.34883972107655176,0.2364339083894335,0.4776601366158493
qwen3,actions,fake,alpha0.3,-0.3,gained,52,uncertainty-estimation,0.2502537441977393,-0.005179886907007977,0.47716374935137224
qwen3,actions,fake,alpha0.3,-0.3,gained,52,backtracking,0.06673383416523178,-0.039725144598245915,0.15838972453933145
qwen3,actions,fake,alpha0.3,-0.3,lost,6,initializing,0.062323511320535104,-0.2666769298308877,0.3719629563676377
qwen3,actions,fake,alpha0.3,-0.3,lost,6,deduction,0.42312452963097136,-0.4792168256755853,1.2959736614012718
qwen3,actions,fake,alpha0.3,-0.3,lost,6,adding-knowledge,0.4289518147101092,-0.3265762189847683,1.190926874150697
qwen3,actions,fake,alpha0.3,-0.3,lost,6,example-testing,-0.19220572640509012,-0.39545775892541535,0.0
qwen3,actions,fake,alpha0.3,-0.3,lost,6,uncertainty-estimation,0.30117695035557945,-0.39317389128250574,0.9955590852015651
qwen3,actions,fake,alpha0.3,-0.3,lost,6,backtracking,-0.20924582475529138,-0.46628599588161856,0.09220561852932037
qwen3,actions,fake,alpha0.3,-0.3,same,89,initializing,-0.008031449617382648,-0.11244843144767326,0.0974408517482255
qwen3,actions,fake,alpha0.3,-0.3,same,89,deduction,-0.03425395541996342,-0.33698950766935526,0.27254140201520893
qwen3,actions,fake,alpha0.3,-0.3,same,89,adding-knowledge,-0.04994902334819757,-0.27911139560589865,0.18541476305279397
qwen3,actions,fake,alpha0.3,-0.3,same,89,example-testing,0.036106354782821024,-0.050879391741294,0.12876501447319572
qwen3,actions,fake,alpha0.3,-0.3,same,89,uncertainty-estimation,0.191592100339282,0.05617551340328848,0.3238181275740462
qwen3,actions,fake,alpha0.3,-0.3,same,89,backtracking,0.011656406441689708,-0.05707871086551373,0.08765088791584766
qwen3,actions,fake,alpha0.32,-0.32,gained,43,initializing,-0.19774421143877585,-0.35117043380851304,-0.053528246867838775
qwen3,actions,fake,alpha0.32,-0.32,gained,43,deduction,0.08509704059588777,-0.3217530452523638,0.5158058286146247
qwen3,actions,fake,alpha0.32,-0.32,gained,43,adding-knowledge,-0.5246331308305612,-0.8500605512890543,-0.20071181259689877
qwen3,actions,fake,alpha0.32,-0.32,gained,43,example-testing,0.28480015160319866,0.14950289100466985,0.4411281559011816
qwen3,actions,fake,alpha0.32,-0.32,gained,43,uncertainty-estimation,0.23345034353562905,-0.01552225923786563,0.47814034573571274
qwen3,actions,fake,alpha0.32,-0.32,gained,43,backtracking,0.12072872119647099,0.005502192663579529,0.2287843077169123
qwen3,actions,fake,alpha0.32,-0.32,lost,9,initializing,0.1673945697505956,-0.03179208582779949,0.38794525848946365
qwen3,actions,fake,alpha0.32,-0.32,lost,9,deduction,-0.32098219729685434,-0.7763161850797768,0.1395011685467768
qwen3,actions,fake,alpha0.32,-0.32,lost,9,adding-knowledge,0.38724781900397154,-0.4711733934300277,1.2279428565542294
qwen3,actions,fake,alpha0.32,-0.32,lost,9,example-testing,-0.12217229311850646,-0.27100271002710025,0.0
qwen3,actions,fake,alpha0.32,-0.32,lost,9,uncertainty-estimation,0.06643880330588302,-0.4254056120945053,0.5386372532739356
qwen3,actions,fake,alpha0.32,-0.32,lost,9,backtracking,0.03817444935741301,-0.21896722476377245,0.3158774115742337
qwen3,actions,fake,alpha0.32,-0.32,same,96,initializing,0.011917780093221983,-0.10037302891724136,0.11596057941480957
qwen3,actions,fake,alpha0.32,-0.32,same,96,deduction,-0.15383817023959417,-0.462042310237185,0.1380425214461096
qwen3,actions,fake,alpha0.32,-0.32,same,96,adding-knowledge,0.00951851650485791,-0.21038288217881382,0.248336140734827
qwen3,actions,fake,alpha0.32,-0.32,same,96,example-testing,-0.002878837474073632,-0.09657540707259872,0.09869052950690603
qwen3,actions,fake,alpha0.32,-0.32,same,96,uncertainty-estimation,0.1872515291007729,0.047202207263136585,0.3403625798123464
qwen3,actions,fake,alpha0.32,-0.32,same,96,backtracking,0.06631884808086522,-0.016433491351776193,0.14924895085454964
qwen3,actions,real,alpha0.043_aware,0.043,gained,12,initializing,-0.16288273399336486,-0.31249492667131035,0.02521587494222158
qwen3,actions,real,alpha0.043_aware,0.043,gained,12,deduction,0.25520984668847496,-0.3078263905286145,0.7798260723574338
qwen3,actions,real,alpha0.043_aware,0.043,gained,12,adding-knowledge,-0.45817936325301956,-0.8815844241431878,-0.03453868784134467
qwen3,actions,real,alpha0.043_aware,0.043,gained,12,example-testing,0.27168112393926697,0.07391000833196612,0.49791922071785116
qwen3,actions,real,alpha0.043_aware,0.043,gained,12,uncertainty-estimation,0.10664931021616623,-0.4056020115975378,0.5966149624465211
qwen3,actions,real,alpha0.043_aware,0.043,gained,12,backtracking,-0.06562298962237169,-0.2526825012965251,0.09986839210512882
qwen3,actions,real,alpha0.043_aware,0.043,lost,9,initializing,0.041922988734212664,-0.1476386157255044,0.23211385992859063
qwen3,actions,real,alpha0.043_aware,0.043,lost,9,deduction,-0.46039076472050205,-1.3728460382049212,0.6260318034794488
qwen3,actions,real,alpha0.043_aware,0.043,lost,9,adding-knowledge,1.3410529853529374,0.6291369304625548,1.9274958683814967
qwen3,actions,real,alpha0.043_aware,0.043,lost,9,example-testing,-0.26736389696812257,-0.5149293330135055,-0.017137532860803304
qwen3,actions,real,alpha0.043_aware,0.043,lost,9,uncertainty-estimation,-0.3535642933084129,-0.7064768560503593,-0.007747259914534272
qwen3,actions,real,alpha0.043_aware,0.043,lost,9,backtracking,-0.07975301838760857,-0.3043159618445612,0.09070294784580499
qwen3,actions,real,alpha0.043_aware,0.043,same,127,initializing,0.0026922399039858145,-0.05714140574625946,0.0636154083493207
qwen3,actions,real,alpha0.043_aware,0.043,same,127,deduction,-0.15998607335526652,-0.3416642543365198,0.016236296567918036
qwen3,actions,real,alpha0.043_aware,0.043,same,127,adding-knowledge,-0.10761934430200253,-0.24650641448304253,0.03713787238176547
qwen3,actions,real,alpha0.043_aware,0.043,same,127,example-testing,-0.07320490320052386,-0.12845100446831606,-0.025354879061792193
qwen3,actions,real,alpha0.043_aware,0.043,same,127,uncertainty-estimation,0.15853297669019514,0.058369623456462766,0.2531579853975857
qwen3,actions,real,alpha0.043_aware,0.043,same,127,backtracking,-0.004952432479830187,-0.0650834179583292,0.05728241835135884
qwen3,actions,real,alpha0.053_aware,0.053,gained,14,initializing,-0.08610588550214093,-0.214149963361284,0.03581434666552756
qwen3,actions,real,alpha0.053_aware,0.053,gained,14,deduction,-0.30599429655085103,-1.2922717790277178,0.798270705931922
qwen3,actions,real,alpha0.053_aware,0.053,gained,14,adding-knowledge,-0.10997461737838703,-0.6373888983235202,0.3933495715726618
qwen3,actions,real,alpha0.053_aware,0.053,gained,14,example-testing,0.2563931562230974,0.06372551564363046,0.4544500708124408
qwen3,actions,real,alpha0.053_aware,0.053,gained,14,uncertainty-estimation,0.0022148730080489643,-0.477898676582285,0.5036693001553593
qwen3,actions,real,alpha0.053_aware,0.053,gained,14,backtracking,0.2103578607978731,-0.04526131473361189,0.5118245467881428
qwen3,actions,real,alpha0.053_aware,0.053,lost,6,initializing,0.07255701218741802,-0.06919721892964067,0.2312150687968866
qwen3,actions,real,alpha0.053_aware,0.053,lost,6,deduction,-0.7990849786661078,-1.4994025830693276,-0.1701454143940592
qwen3,actions,real,alpha0.053_aware,0.053,lost,6,adding-knowledge,0.3571441550062116,-0.3594309403330748,1.078183501130326
qwen3,actions,real,alpha0.053_aware,0.053,lost,6,example-testing,-0.2790994439886975,-0.5689545164524655,-0.05555555555555555
qwen3,actions,real,alpha0.053_aware,0.053,lost,6,uncertainty-estimation,0.3291020807890039,-0.17633200661130213,0.8631287449785521
qwen3,actions,real,alpha0.053_aware,0.053,lost,6,backtracking,0.13306131283785194,-0.1697487787236193,0.47174280879864633
qwen3,actions,real,alpha0.053_aware,0.053,same,117,initializing,0.009747617466576342,-0.06897505769727018,0.09382368998481688
qwen3,actions,real,alpha0.053_aware,0.053,same,117,deduction,-0.16083504879054536,-0.36959993520474627,0.04105393206828917
qwen3,actions,real,alpha0.053_aware,0.053,same,117,adding-knowledge,-0.08444206830580765,-0.2285087519997736,0.06355666829561968
qwen3,actions,real,alpha0.053_aware,0.053,same,117,example-testing,-0.017604238526276766,-0.07684750652037518,0.03796339729005181
qwen3,actions,real,alpha0.053_aware,0.053,same,117,uncertainty-estimation,0.045732139582243245,-0.0554649486781756,0.1488335886851615
qwen3,actions,real,alpha0.053_aware,0.053,same,117,backtracking,-0.05225655194413178,-0.11205599208261328,0.0031264366101230088
qwen3,actions,real,alpha0.05_aware,0.05,gained,11,initializing,-0.15794835572576496,-0.28013691919582195,-0.024615299747081234
qwen3,actions,real,alpha0.05_aware,0.05,gained,11,deduction,0.9030827018008125,0.41463090361346105,1.3626472607934985
qwen3,actions,real,alpha0.05_aware,0.05,gained,11,adding-knowledge,-0.6722536494573707,-1.4192580066929248,-0.034833108545739525
qwen3,actions,real,alpha0.05_aware,0.05,gained,11,example-testing,0.1801307508974692,0.043084877208099955,0.3360190775525141
qwen3,actions,real,alpha0.05_aware,0.05,gained,11,uncertainty-estimation,-0.039392632994359016,-0.5096196270195209,0.42758395097757934
qwen3,actions,real,alpha0.05_aware,0.05,gained,11,backtracking,-0.02654412889994356,-0.2619814532036345,0.207377040517732
qwen3,actions,real,alpha0.05_aware,0.05,lost,8,initializing,0.06465487568035153,-0.08292523040561563,0.25142217806469297
qwen3,actions,real,alpha0.05_aware,0.05,lost,8,deduction,-0.6508122234730694,-1.2606537339673762,-0.09980766801951801
qwen3,actions,real,alpha0.05_aware,0.05,lost,8,adding-knowledge,0.4392478346654384,-0.2184936368755886,1.045009922048019
qwen3,actions,real,alpha0.05_aware,0.05,lost,8,example-testing,-0.29553147954324727,-0.522151660019047,-0.08333333333333333
qwen3,actions,real,alpha0.05_aware,0.05,lost,8,uncertainty-estimation,0.08122654277311753,-0.4562465896162683,0.668764116574643
qwen3,actions,real,alpha0.05_aware,0.05,lost,8,backtracking,-0.04114472808489805,-0.25,0.13457801370972194
qwen3,actions,real,alpha0.05_aware,0.05,same,126,initializing,0.001950629080197359,-0.0650991530448056,0.06752712250998813
qwen3,actions,real,alpha0.05_aware,0.05,same,126,deduction,-0.2100576686550018,-0.40614323513038253,-0.005562238601935807
qwen3,actions,real,alpha0.05_aware,0.05,same,126,adding-knowledge,-0.011055396563041595,-0.16790116949271433,0.14588002507693978
qwen3,actions,real,alpha0.05_aware,0.05,same,126,example-testing,-0.04985919011812769,-0.11521913562470629,0.0035119184207044445
qwen3,actions,real,alpha0.05_aware,0.05,same,126,uncertainty-estimation,0.06773986408799175,-0.03932264853979191,0.17852424201961842
qwen3,actions,real,alpha0.05_aware,0.05,same,126,backtracking,-0.013253235537306406,-0.0733946079704761,0.04805768066558018
qwen3,actions,real,alpha0.25,-0.25,gained,34,initializing,-0.2696045121074829,-0.4051390558468913,-0.1330357600811894
qwen3,actions,real,alpha0.25,-0.25,gained,34,deduction,-0.23361369608889154,-0.7566499669673671,0.2773799548493707
qwen3,actions,real,alpha0.25,-0.25,gained,34,adding-knowledge,-0.44730398252813713,-0.7646874422788263,-0.1029299767261574
qwen3,actions,real,alpha0.25,-0.25,gained,34,example-testing,0.38633771575881853,0.22552664594633087,0.5797694507463292
qwen3,actions,real,alpha0.25,-0.25,gained,34,uncertainty-estimation,0.2717509924796083,-0.004174717044893431,0.5640160212882676
qwen3,actions,real,alpha0.25,-0.25,gained,34,backtracking,0.04868214357831888,-0.07469896609354143,0.17994084950518682
qwen3,actions,real,alpha0.25,-0.25,same,111,initializing,-0.04542928818761485,-0.12754687890637736,0.041888247673828746
qwen3,actions,real,alpha0.25,-0.25,same,111,deduction,0.15482784245635814,-0.06822633123855147,0.3747772908259505
qwen3,actions,real,alpha0.25,-0.25,same,111,adding-knowledge,-0.05812554397739585,-0.22366244580839448,0.10864781548788269
qwen3,actions,real,alpha0.25,-0.25,same,111,example-testing,-0.067650127827604,-0.1286626714909032,-0.018091770263031125
qwen3,actions,real,alpha0.25,-0.25,same,111,uncertainty-estimation,0.09128242616989557,-0.023447252774737682,0.21180831448431497
qwen3,actions,real,alpha0.25,-0.25,same,111,backtracking,0.02301489477070358,-0.044073792750377636,0.09166863564458304
qwen3,actions,real,alpha0.3,-0.3,gained,36,initializing,-0.026412963006551184,-0.16497345997056642,0.10476919492747629
qwen3,actions,real,alpha0.3,-0.3,gained,36,deduction,-0.06988667545510965,-0.5594064940954432,0.44262154580375873
qwen3,actions,real,alpha0.3,-0.3,gained,36,adding-knowledge,-0.49383634711614083,-0.783023807827468,-0.2001368615446665
qwen3,actions,real,alpha0.3,-0.3,gained,36,example-testing,0.25066327327766763,0.12778207137758335,0.3912142039331401
qwen3,actions,real,alpha0.3,-0.3,gained,36,uncertainty-estimation,0.035702666208569905,-0.21598139488827378,0.2873135217647063
qwen3,actions,real,alpha0.3,-0.3,gained,36,backtracking,0.14251065558090148,0.018214470662277576,0.2771836759372814
qwen3,actions,real,alpha0.3,-0.3,same,108,initializing,-0.15289228961710805,-0.24252918588927477,-0.06464413105620978
qwen3,actions,real,alpha0.3,-0.3,same,108,deduction,-0.0434979721943468,-0.26639848992453435,0.18260553579846917
qwen3,actions,real,alpha0.3,-0.3,same,108,adding-knowledge,-0.14171034051606568,-0.3302408019376359,0.043638109186137475
qwen3,actions,real,alpha0.3,-0.3,same,108,example-testing,-0.019409209025099856,-0.08890649633953081,0.04986600514433712
qwen3,actions,real,alpha0.3,-0.3,same,108,uncertainty-estimation,0.14745716743391793,0.010087571775923275,0.2871865531473876
qwen3,actions,real,alpha0.3,-0.3,same,108,backtracking,0.03843798979740686,-0.027594711003203484,0.10438285169708841
qwen3,actions,real,alpha0.32,-0.32,gained,52,initializing,-0.08704802985172591,-0.267495587076996,0.10024664846933524
qwen3,actions,real,alpha0.32,-0.32,gained,52,deduction,-0.3833405015619168,-0.7685963073832198,0.015127822123057596
qwen3,actions,real,alpha0.32,-0.32,gained,52,adding-knowledge,-0.6872227215582508,-0.9621389325815672,-0.40448306478675644
qwen3,actions,real,alpha0.32,-0.32,gained,52,example-testing,0.25433392051166476,0.1581319426565746,0.3466042158893165
qwen3,actions,real,alpha0.32,-0.32,gained,52,uncertainty-estimation,0.378257197307322,0.12433099094817943,0.6297780103185635
qwen3,actions,real,alpha0.32,-0.32,gained,52,backtracking,0.12121134731559721,0.011882192037731408,0.22121732177251252
qwen3,actions,real,alpha0.32,-0.32,lost,6,initializing,0.1377424737803484,-0.15983025927607958,0.44199172133713116
qwen3,actions,real,alpha0.32,-0.32,lost,6,deduction,-1.0699561352569658,-2.076176331950569,0.04238549419395652
qwen3,actions,real,alpha0.32,-0.32,lost,6,adding-knowledge,0.5188351681359634,-0.5791886960774549,1.4164367030387088
qwen3,actions,real,alpha0.32,-0.32,lost,6,example-testing,-0.21459395979931298,-0.5653060928328008,0.18472623801000507
qwen3,actions,real,alpha0.32,-0.32,lost,6,uncertainty-estimation,-0.017456311831046945,-0.487090486759886,0.4858326545925089
qwen3,actions,real,alpha0.32,-0.32,lost,6,backtracking,0.21470746108427266,0.0,0.5233494363929146
qwen3,actions,real,alpha0.32,-0.32,same,89,initializing,-0.05091304329244012,-0.15093100518512806,0.05404715626309572
qwen3,actions,real,alpha0.32,-0.32,same,89,deduction,0.03134366453288405,-0.2670724476746129,0.3273126857628083
qwen3,actions,real,alpha0.32,-0.32,same,89,adding-knowledge,-0.061450316715426834,-0.2583789314233493,0.1372889162213831
qwen3,actions,real,alpha0.32,-0.32,same,89,example-testing,-0.05378346982999674,-0.12903450489751653,0.013567789800020151
qwen3,actions,real,alpha0.32,-0.32,same,89,uncertainty-estimation,-0.0773744554577876,-0.20476885056847355,0.050186603570211555
qwen3,actions,real,alpha0.32,-0.32,same,89,backtracking,0.04077180118438297,-0.03167176745477015,0.11111144269183922
qwq,actions,fake,alpha0.05_aware,0.05,gained,26,initializing,0.06850894173199114,-0.1321520993429846,0.276517944559567
qwq,actions,fake,alpha0.05_aware,0.05,gained,26,deduction,-0.2616827983856841,-0.8863441503326867,0.3393877893070489
qwq,actions,fake,alpha0.05_aware,0.05,gained,26,adding-knowledge,-0.39818210995496955,-0.7448802670026035,-0.002517589246642783
qwq,actions,fake,alpha0.05_aware,0.05,gained,26,example-testing,0.272017039856977,0.09774763480782697,0.4618086763402341
qwq,actions,fake,alpha0.05_aware,0.05,gained,26,uncertainty-estimation,0.18660311176225186,-0.11466389329777982,0.48405722319936556
qwq,actions,fake,alpha0.05_aware,0.05,gained,26,backtracking,-0.04736298493572067,-0.16819902699060843,0.07970186461491069
qwq,actions,fake,alpha0.05_aware,0.05,same,120,initializing,0.040070401315225976,-0.11911239409123389,0.20102017074115766
qwq,actions,fake,alpha0.05_aware,0.05,same,120,deduction,0.07434332377044874,-0.1804338232786847,0.324303788833403
qwq,actions,fake,alpha0.05_aware,0.05,same,120,adding-knowledge,0.0886557910224087,-0.13628845375673462,0.28519152573938417
qwq,actions,fake,alpha0.05_aware,0.05,same,120,example-testing,0.24679613412769014,0.09472907687272755,0.42917375911335465
qwq,actions,fake,alpha0.05_aware,0.05,same,120,uncertainty-estimation,-0.05480461769186683,-0.1819060298323552,0.07827544981529341
qwq,actions,fake,alpha0.05_aware,0.05,same,120,backtracking,0.005834751668727471,-0.05310699113371222,0.06399398222406304
qwq,actions,fake,alpha0.25,-0.25,gained,5,initializing,-0.07301951502261794,-0.16495487806855796,0.01891584802332208
qwq,actions,fake,alpha0.25,-0.25,gained,5,deduction,-0.5314429372090055,-1.3632288405214208,0.37951605933802635
qwq,actions,fake,alpha0.25,-0.25,gained,5,adding-knowledge,-1.1145801919413798,-1.8380314875445394,-0.47372947491980366
qwq,actions,fake,alpha0.25,-0.25,gained,5,example-testing,0.622156738682422,-0.15928167517211272,1.9172037229697179
qwq,actions,fake,alpha0.25,-0.25,gained,5,uncertainty-estimation,0.4938931515570314,-0.2548311666625769,1.1906383424686429
qwq,actions,fake,alpha0.25,-0.25,gained,5,backtracking,0.0607450890998563,-0.281129325795605,0.3947071693504107
qwq,actions,fake,alpha0.25,-0.25,lost,31,initializing,-0.08181390563950702,-0.2446267302837589,0.08095285524321807
qwq,actions,fake,alpha0.25,-0.25,lost,31,deduction,0.4560517875519085,-0.07653620378164934,0.9775059498021489
qwq,actions,fake,alpha0.25,-0.25,lost,31,adding-knowledge,0.8668567322605779,0.5211668696683512,1.208256356212611
qwq,actions,fake,alpha0.25,-0.25,lost,31,example-testing,-0.17819812316826758,-0.3666373770832818,-0.014045714425886632
qwq,actions,fake,alpha0.25,-0.25,lost,31,uncertainty-estimation,-0.18478049808137767,-0.5686974336797861,0.18861957966544576
qwq,actions,fake,alpha0.25,-0.25,lost,31,backtracking,0.006404049778003434,-0.13461124868035923,0.14492978226085523
qwq,actions,fake,alpha0.25,-0.25,same,113,initializing,-0.006662382659806523,-0.14457929912056744,0.12775240911387117
qwq,actions,fake,alpha0.25,-0.25,same,113,deduction,0.08585412554919396,-0.23768612170358222,0.4244455269427726
qwq,actions,fake,alpha0.25,-0.25,same,113,adding-knowledge,0.02011972243159276,-0.1915587626522321,0.23938544437465695
qwq,actions,fake,alpha0.25,-0.25,same,113,example-testing,-0.02428238321000082,-0.15990628558701483,0.11017914531770581
qwq,actions,fake,alpha0.25,-0.25,same,113,uncertainty-estimation,0.06006730286310144,-0.052113278709109145,0.17280058765329004
qwq,actions,fake,alpha0.25,-0.25,same,113,backtracking,0.01887548512375955,-0.04653471993414378,0.08279434254967409
qwq,actions,fake,alpha0.3,-0.3,gained,5,initializing,-0.2806550127439127,-0.6220078273784244,0.061948215215469206
qwq,actions,fake,alpha0.3,-0.3,gained,5,deduction,1.6545644137783828,-0.23512556602189524,3.0535548605980276
qwq,actions,fake,alpha0.3,-0.3,gained,5,adding-knowledge,-0.9681977712974286,-1.9235554207941088,0.1754709610991368
qwq,actions,fake,alpha0.3,-0.3,gained,5,example-testing,-0.0010699556259491372,-0.22922946131849448,0.19093187514240145
qwq,actions,fake,alpha0.3,-0.3,gained,5,uncertainty-estimation,0.2775358749591656,-0.49683545646062266,1.044572115863676
qwq,actions,fake,alpha0.3,-0.3,gained,5,backtracking,0.15598971367631748,0.034376628845985024,0.28684120597689955
qwq,actions,fake,alpha0.3,-0.3,lost,30,initializing,-0.13366900371623913,-0.3257366769585871,0.04807717701236787
qwq,actions,fake,alpha0.3,-0.3,lost,30,deduction,0.5655242158509265,0.09349027384701696,1.028563656775672
qwq,actions,fake,alpha0.3,-0.3,lost,30,adding-knowledge,0.5067348943977342,0.09771392938477919,0.8793087488227931
qwq,actions,fake,alpha0.3,-0.3,lost,30,example-testing,-0.22468151762969477,-0.4027212692467167,-0.06671080207299292
qwq,actions,fake,alpha0.3,-0.3,lost,30,uncertainty-estimation,0.14704299725579126,-0.2064208135033381,0.48615239299240726
qwq,actions,fake,alpha0.3,-0.3,lost,30,backtracking,0.06692002132660872,-0.09154719614307763,0.2205451256538193
qwq,actions,fake,alpha0.3,-0.3,same,114,initializing,-0.0025418553167271514,-0.13701850371611604,0.1274497168614735
qwq,actions,fake,alpha0.3,-0.3,same,114,deduction,0.10980329070158655,-0.14372371914584378,0.36149250343374334
qwq,actions,fake,alpha0.3,-0.3,same,114,adding-knowledge,0.13104397768254825,-0.10065227032549191,0.34340844336329096
qwq,actions,fake,alpha0.3,-0.3,same,114,example-testing,0.018050951456547785,-0.10429228374962951,0.13199884714672866
qwq,actions,fake,alpha0.3,-0.3,same,114,uncertainty-estimation,0.024733936291311064,-0.1003252614771397,0.15988215501968311
qwq,actions,fake,alpha0.3,-0.3,same,114,backtracking,0.05203521694754699,-0.017918157705828146,0.12674290896459914
qwq,actions,real,alpha0.05_aware,0.05,gained,33,initializing,-0.2045874031865865,-0.4390395702371295,0.016319770759158744
qwq,actions,real,alpha0.05_aware,0.05,gained,33,deduction,-0.6074391941264329,-1.143709231060105,-0.05149221920301595
qwq,actions,real,alpha0.05_aware,0.05,gained,33,adding-knowledge,-0.5468777842324213,-0.8979582778810739,-0.18970104724538336
qwq,actions,real,alpha0.05_aware,0.05,gained,33,example-testing,0.27951677121421686,0.14879992433564157,0.43482215686459835
qwq,actions,real,alpha0.05_aware,0.05,gained,33,uncertainty-estimation,0.3583450839406138,0.09943782381509708,0.6152411130886605
qwq,actions,real,alpha0.05_aware,0.05,gained,33,backtracking,0.04339642652334399,-0.09911044004615467,0.19893151889472452
qwq,actions,real,alpha0.05_aware,0.05,same,113,initializing,-0.024084782294856173,-0.13734455099860216,0.08186344546949449
qwq,actions,real,alpha0.05_aware,0.05,same,113,deduction,-0.23575214502310193,-0.506007155100699,0.023799766164222396
qwq,actions,real,alpha0.05_aware,0.05,same,113,adding-knowledge,-0.06550566771018583,-0.2272679376451085,0.109816938672037
qwq,actions,real,alpha0.05_aware,0.05,same,113,example-testing,0.10412184016487182,0.03286607365462523,0.18026521274815377
qwq,actions,real,alpha0.05_aware,0.05,same,113,uncertainty-estimation,0.20662096734561552,0.07619659609931423,0.3471709474286338
qwq,actions,real,alpha0.05_aware,0.05,same,113,backtracking,0.024345859349525222,-0.05789921382447891,0.10699630353777269
qwq,actions,real,alpha0.25,-0.25,gained,9,initializing,-0.07208394736719644,-0.3043088949759611,0.2021687526342947
qwq,actions,real,alpha0.25,-0.25,gained,9,deduction,1.2424857018048656,-0.010576927183429239,2.2119773064220944
qwq,actions,real,alpha0.25,-0.25,gained,9,adding-knowledge,-0.5454461183582495,-1.3957880749044327,0.3615404881194676
qwq,actions,real,alpha0.25,-0.25,gained,9,example-testing,0.1397790593118421,-0.09310321026555755,0.36137910708492316
qwq,actions,real,alpha0.25,-0.25,gained,9,uncertainty-estimation,-0.093328132113241,-0.45609495542326023,0.2644841817396826
qwq,actions,real,alpha0.25,-0.25,gained,9,backtracking,-0.01987834327675528,-0.2608813966577086,0.21356605238889173
qwq,actions,real,alpha0.25,-0.25,lost,16,initializing,0.04374626530695927,-0.18139665610044012,0.253418295940396
qwq,actions,real,alpha0.25,-0.25,lost,16,deduction,0.06557538878045804,-0.5653698418006735,0.7958201763351301
qwq,actions,real,alpha0.25,-0.25,lost,16,adding-knowledge,0.5457708596414632,0.12956411685199432,1.0224093127856084
qwq,actions,real,alpha0.25,-0.25,lost,16,example-testing,-0.2856988368844876,-0.4581416824976526,-0.11915235325204837
qwq,actions,real,alpha0.25,-0.25,lost,16,uncertainty-estimation,0.05686589805054107,-0.39819499589286345,0.4761137053498653
qwq,actions,real,alpha0.25,-0.25,lost,16,backtracking,0.10805256543361674,-0.06289760357267611,0.29378583308381834
qwq,actions,real,alpha0.25,-0.25,same,124,initializing,-0.062337546189498744,-0.16817152507741748,0.046631448611251444
qwq,actions,real,alpha0.25,-0.25,same,124,deduction,-0.10433067566001925,-0.3536845826184526,0.14614193298061495
qwq,actions,real,alpha0.25,-0.25,same,124,adding-knowledge,0.15961040440125754,-0.030680651637968966,0.3595569365550088
qwq,actions,real,alpha0.25,-0.25,same,124,example-testing,0.013384746323739736,-0.042389623659275955,0.06747516289064989
qwq,actions,real,alpha0.25,-0.25,same,124,uncertainty-estimation,-0.13463874891929709,-0.24593877215786414,-0.026777931142035357
qwq,actions,real,alpha0.25,-0.25,same,124,backtracking,0.03805621284185871,-0.045153794169624464,0.1192821919773382
qwq,actions,real,alpha0.3,-0.3,gained,5,initializing,-0.20124729217811588,-1.0850527276961723,0.7665933517633257
qwq,actions,real,alpha0.3,-0.3,gained,5,deduction,0.2447758398649012,-1.2692306524853696,1.5638115139177073
qwq,actions,real,alpha0.3,-0.3,gained,5,adding-knowledge,-1.135213965574152,-2.0139174603535412,0.029954678322454152
qwq,actions,real,alpha0.3,-0.3,gained,5,example-testing,0.19745484400656815,0.0,0.47331691297208545
qwq,actions,real,alpha0.3,-0.3,gained,5,uncertainty-estimation,-0.0656491930746926,-0.6177255302192697,0.7616454200505925
qwq,actions,real,alpha0.3,-0.3,gained,5,backtracking,-0.12445216240800461,-0.5172413793103449,0.14388489208633093
qwq,actions,real,alpha0.3,-0.3,lost,16,initializing,-0.1402371115649868,-0.3595266762497929,0.07874890598643965
qwq,actions,real,alpha0.3,-0.3,lost,16,deduction,0.5822088079173411,-0.12887218265959205,1.2690191693349868
qwq,actions,real,alpha0.3,-0.3,lost,16,adding-knowledge,0.13131300770453752,-0.31676318498085554,0.6406727930286924
qwq,actions,real,alpha0.3,-0.3,lost,16,example-testing,-0.24845137674981255,-0.4076383851886875,-0.10940763574116417
qwq,actions,real,alpha0.3,-0.3,lost,16,uncertainty-estimation,0.27343604879338507,-0.44006467382743814,0.9395940811091877
qwq,actions,real,alpha0.3,-0.3,lost,16,backtracking,0.07621101335804668,-0.09697112357338984,0.25386201807674647
qwq,actions,real,alpha0.3,-0.3,same,128,initializing,-0.030068341832578588,-0.12235207169607662,0.062009799928208646
qwq,actions,real,alpha0.3,-0.3,same,128,deduction,-0.14867693670286003,-0.42129203359470146,0.12116955622524389
qwq,actions,real,alpha0.3,-0.3,same,128,adding-knowledge,0.19273340585717724,-0.012226441197814769,0.39301367261222964
qwq,actions,real,alpha0.3,-0.3,same,128,example-testing,0.023696455014253902,-0.05760339628459229,0.12648464121668537
qwq,actions,real,alpha0.3,-0.3,same,128,uncertainty-estimation,-0.11676891593283892,-0.231494723208878,0.0032767120694065714
qwq,actions,real,alpha0.3,-0.3,same,128,backtracking,0.020774306149317225,-0.05771600524927059,0.09351153345687173
